[0.000000] (-) TimerEvent: {}
[0.000483] (yolo_msgs) JobQueued: {'identifier': 'yolo_msgs', 'dependencies': OrderedDict()}
[0.000613] (yolo_ros) JobQueued: {'identifier': 'yolo_ros', 'dependencies': OrderedDict([('yolo_msgs', '/home/user/ros2_ws/install/yolo_msgs')])}
[0.000717] (yolo_bringup) JobQueued: {'identifier': 'yolo_bringup', 'dependencies': OrderedDict([('yolo_msgs', '/home/user/ros2_ws/install/yolo_msgs'), ('yolo_ros', '/home/user/ros2_ws/install/yolo_ros')])}
[0.000754] (yolo_msgs) JobStarted: {'identifier': 'yolo_msgs'}
[0.037099] (yolo_msgs) JobProgress: {'identifier': 'yolo_msgs', 'progress': 'cmake'}
[0.038148] (yolo_msgs) Command: {'cmd': ['/usr/bin/cmake', '/home/user/ros2_ws/src/yolo_ros/yolo_msgs', '-DCMAKE_INSTALL_PREFIX=/home/user/ros2_ws/install/yolo_msgs'], 'cwd': '/home/user/ros2_ws/build/yolo_msgs', 'env': OrderedDict([('ROS_VERSION', '2'), ('NVIDIA_VISIBLE_DEVICES', 'all'), ('GAZEBO_MASTER_URI', 'http://3_xterm:11345'), ('ROS_PYTHON_VERSION', '3'), ('HOSTNAME', '3_xterm'), ('ROBOT_HOSTNAME', ''), ('PWD', '/home/user/ros2_ws/build/yolo_msgs'), ('PORT', '4000'), ('NVIDIA_DRIVER_CAPABILITIES', 'all'), ('ROS_IP', ''), ('HOME', '/home/user'), ('GAZEBO_PLUGIN_PATH', '/usr/lib/x86_64-linux-gnu/gazebo-11/plugins:/usr/lib/x86_64-linux-gnu/gazebo-11/plugins:'), ('LANG', 'en_US.UTF-8'), ('GAZEBO_MODEL_DATABASE_URI', 'http://models.gazebosim.org'), ('LS_COLORS', 'rs=0:di=01;34:ln=01;36:mh=00:pi=40;33:so=01;35:do=01;35:bd=40;33;01:cd=40;33;01:or=40;31;01:mi=00:su=37;41:sg=30;43:ca=30;41:tw=30;42:ow=34;42:st=37;44:ex=01;32:*.tar=01;31:*.tgz=01;31:*.arc=01;31:*.arj=01;31:*.taz=01;31:*.lha=01;31:*.lz4=01;31:*.lzh=01;31:*.lzma=01;31:*.tlz=01;31:*.txz=01;31:*.tzo=01;31:*.t7z=01;31:*.zip=01;31:*.z=01;31:*.dz=01;31:*.gz=01;31:*.lrz=01;31:*.lz=01;31:*.lzo=01;31:*.xz=01;31:*.zst=01;31:*.tzst=01;31:*.bz2=01;31:*.bz=01;31:*.tbz=01;31:*.tbz2=01;31:*.tz=01;31:*.deb=01;31:*.rpm=01;31:*.jar=01;31:*.war=01;31:*.ear=01;31:*.sar=01;31:*.rar=01;31:*.alz=01;31:*.ace=01;31:*.zoo=01;31:*.cpio=01;31:*.7z=01;31:*.rz=01;31:*.cab=01;31:*.wim=01;31:*.swm=01;31:*.dwm=01;31:*.esd=01;31:*.jpg=01;35:*.jpeg=01;35:*.mjpg=01;35:*.mjpeg=01;35:*.gif=01;35:*.bmp=01;35:*.pbm=01;35:*.pgm=01;35:*.ppm=01;35:*.tga=01;35:*.xbm=01;35:*.xpm=01;35:*.tif=01;35:*.tiff=01;35:*.png=01;35:*.svg=01;35:*.svgz=01;35:*.mng=01;35:*.pcx=01;35:*.mov=01;35:*.mpg=01;35:*.mpeg=01;35:*.m2v=01;35:*.mkv=01;35:*.webm=01;35:*.webp=01;35:*.ogm=01;35:*.mp4=01;35:*.m4v=01;35:*.mp4v=01;35:*.vob=01;35:*.qt=01;35:*.nuv=01;35:*.wmv=01;35:*.asf=01;35:*.rm=01;35:*.rmvb=01;35:*.flc=01;35:*.avi=01;35:*.fli=01;35:*.flv=01;35:*.gl=01;35:*.dl=01;35:*.xcf=01;35:*.xwd=01;35:*.yuv=01;35:*.cgm=01;35:*.emf=01;35:*.ogv=01;35:*.ogx=01;35:*.aac=00;36:*.au=00;36:*.flac=00;36:*.m4a=00;36:*.mid=00;36:*.midi=00;36:*.mka=00;36:*.mp3=00;36:*.mpc=00;36:*.ogg=00;36:*.ra=00;36:*.wav=00;36:*.oga=00;36:*.opus=00;36:*.spx=00;36:*.xspf=00;36:'), ('AMENT_PREFIX_PATH', '/home/user/ros2_ws/install/deepmind_bot_trajectory_sender:/home/user/ros2_ws/install/deepmind_bot_navigation:/home/user/ros2_ws/install/deepmind_bot_gazebo:/home/user/ros2_ws/install/deepmind_bot_description:/home/user/ros2_ws/install/custom_msgs:/home/user/ros2_ws/install/advanced_perception:/opt/ros/humble'), ('CMAKE_PREFIX_PATH', '/home/user/ros2_ws/install/deepmind_bot_trajectory_sender:/home/user/ros2_ws/install/deepmind_bot_navigation:/home/user/ros2_ws/install/deepmind_bot_gazebo:/home/user/ros2_ws/install/deepmind_bot_description:/home/user/ros2_ws/install/custom_msgs:/home/user/ros2_ws/install/advanced_perception:/opt/ros/humble'), ('GAZEBO_RESOURCE_PATH', '/usr/share/gazebo-11:/usr/share/gazebo-11:/usr/share/gazebo'), ('COLCON_PREFIX_PATH', '/home/simulations/ros2_sims_ws/install:/home/user/ros2_ws/install'), ('GAZEBO_MASTER_PORT', '11345'), ('NVM_DIR', '/usr/local/share/shell/.nvm'), ('LESSCLOSE', '/usr/bin/lesspipe %s %s'), ('PYTHONPATH', '/home/user/ros2_ws/install/custom_msgs/local/lib/python3.10/dist-packages:/home/user/ros2_ws/install/advanced_perception/lib/python3.10/site-packages:/opt/ros/humble/lib/python3.10/site-packages:/opt/ros/humble/local/lib/python3.10/dist-packages:/home/simulations/public_sim_ws/src/all/ros_basics_examples/python_course_class:/home/simulations/public_sim_ws/src/ros_basics_examples/python_course_class:/home/simulations/public_sim_ws/src/all/kinematics_course_utils/kinematics'), ('COLCON', '1'), ('TERM', 'xterm-color'), ('LESSOPEN', '| /usr/bin/lesspipe %s'), ('SNAPCRAFT_BUILD_ENVIRONMENT', 'host'), ('GAZEBO_MASTER_HOSTNAME', '3_xterm'), ('DISPLAY', ':1'), ('SHLVL', '2'), ('NVM_CD_FLAGS', ''), ('ROS_MASTER_URI', 'http://3_xterm:11311'), ('ROS_HOSTNAME', '3_xterm'), ('LD_LIBRARY_PATH', '/usr/local/cuda-10.2/lib64:/home/user/.catkin_ws_python3/src/TensorRT-7.0.0.11/lib:/home/user/ros2_ws/install/custom_msgs/lib:/opt/ros/humble/opt/rviz_ogre_vendor/lib:/opt/ros/humble/lib/x86_64-linux-gnu:/opt/ros/humble/lib:/usr/local/cuda-10.2/lib64:/home/user/.catkin_ws_python3/src/TensorRT-7.0.0.11/lib::/usr/lib/x86_64-linux-gnu/gazebo-11/plugins::/usr/lib/x86_64-linux-gnu/gazebo-11/plugins:/usr/lib/x86_64-linux-gnu/gazebo-11/plugins:'), ('ROS_LOCALHOST_ONLY', '0'), ('SLOT_SHELL_START_ID', '999794'), ('SLOT_PREFIX', 'fd482a6d-ceb5-43de-9987-811f8262270e'), ('LC_ALL', 'C'), ('SOURCE_ROS1_WS', ''), ('GAZEBO_MODEL_PATH', '/usr/share/gazebo-11/models:/usr/share/gazebo-11/models:/usr/share/gazebo-9/models:/usr/share/gazebo/models_robox'), ('SLOT_JENKINS_PORT', '25593'), ('SLOT_SYSTEMD', 'False'), ('PATH', '/opt/ros/humble/bin:/usr/local/share/shell/.nvm/versions/node/v8.17.0/bin:/usr/local/sbin:/usr/local/bin:/usr/sbin:/usr/bin:/sbin:/bin:/home/user/.cargo/bin:/home/user/.cargo/bin'), ('SELECTED_ROS_DISTRO', 'humble'), ('NVM_BIN', '/usr/local/share/shell/.nvm/versions/node/v8.17.0/bin'), ('NODE_VERSION', 'v8.17.0'), ('DEBIAN_FRONTEND', 'noninteractive'), ('ROS_DISTRO', 'humble'), ('GAZEBO_VERBOSE', '0'), ('OGRE_RESOURCE_PATH', '/usr/lib/x86_64-linux-gnu/OGRE-1.9.0'), ('OLDPWD', '/home/user/ros2_ws/src'), ('SOURCE_ROS2_WS', 'True'), ('SLOT_ROSBRIDGE_PORT', '20003'), ('_', '/usr/bin/env')]), 'shell': False}
[0.099218] (-) TimerEvent: {}
[0.199560] (-) TimerEvent: {}
[0.299890] (-) TimerEvent: {}
[0.400220] (-) TimerEvent: {}
[0.500595] (-) TimerEvent: {}
[0.600905] (-) TimerEvent: {}
[0.702086] (-) TimerEvent: {}
[0.802706] (-) TimerEvent: {}
[0.903135] (-) TimerEvent: {}
[1.003479] (-) TimerEvent: {}
[1.103875] (-) TimerEvent: {}
[1.204300] (-) TimerEvent: {}
[1.305354] (-) TimerEvent: {}
[1.405785] (-) TimerEvent: {}
[1.506414] (-) TimerEvent: {}
[1.608890] (-) TimerEvent: {}
[1.709282] (-) TimerEvent: {}
[1.809705] (-) TimerEvent: {}
[1.911566] (-) TimerEvent: {}
[2.011966] (-) TimerEvent: {}
[2.112361] (-) TimerEvent: {}
[2.212757] (-) TimerEvent: {}
[2.313617] (-) TimerEvent: {}
[2.413986] (-) TimerEvent: {}
[2.514596] (-) TimerEvent: {}
[2.615003] (-) TimerEvent: {}
[2.715363] (-) TimerEvent: {}
[2.815765] (-) TimerEvent: {}
[2.916153] (-) TimerEvent: {}
[3.016596] (-) TimerEvent: {}
[3.116988] (-) TimerEvent: {}
[3.218670] (-) TimerEvent: {}
[3.319111] (-) TimerEvent: {}
[3.419494] (-) TimerEvent: {}
[3.519918] (-) TimerEvent: {}
[3.620305] (-) TimerEvent: {}
[3.720754] (-) TimerEvent: {}
[3.821214] (-) TimerEvent: {}
[3.921577] (-) TimerEvent: {}
[4.022007] (-) TimerEvent: {}
[4.122465] (-) TimerEvent: {}
[4.222859] (-) TimerEvent: {}
[4.323235] (-) TimerEvent: {}
[4.423658] (-) TimerEvent: {}
[4.524092] (-) TimerEvent: {}
[4.624555] (-) TimerEvent: {}
[4.725018] (-) TimerEvent: {}
[4.825408] (-) TimerEvent: {}
[4.925778] (-) TimerEvent: {}
[5.026209] (-) TimerEvent: {}
[5.126904] (-) TimerEvent: {}
[5.227433] (-) TimerEvent: {}
[5.328018] (-) TimerEvent: {}
[5.428408] (-) TimerEvent: {}
[5.528736] (-) TimerEvent: {}
[5.629098] (-) TimerEvent: {}
[5.729412] (-) TimerEvent: {}
[5.829739] (-) TimerEvent: {}
[5.930076] (-) TimerEvent: {}
[6.030406] (-) TimerEvent: {}
[6.130731] (-) TimerEvent: {}
[6.231089] (-) TimerEvent: {}
[6.331408] (-) TimerEvent: {}
[6.431756] (-) TimerEvent: {}
[6.532079] (-) TimerEvent: {}
[6.632395] (-) TimerEvent: {}
[6.732720] (-) TimerEvent: {}
[6.833050] (-) TimerEvent: {}
[6.933481] (-) TimerEvent: {}
[7.034087] (-) TimerEvent: {}
[7.134422] (-) TimerEvent: {}
[7.234781] (-) TimerEvent: {}
[7.335185] (-) TimerEvent: {}
[7.369487] (yolo_msgs) StdoutLine: {'line': b'-- The C compiler identification is GNU 11.4.0\n'}
[7.435300] (-) TimerEvent: {}
[7.535626] (-) TimerEvent: {}
[7.635942] (-) TimerEvent: {}
[7.736304] (-) TimerEvent: {}
[7.836713] (-) TimerEvent: {}
[7.937145] (-) TimerEvent: {}
[8.037506] (-) TimerEvent: {}
[8.137865] (-) TimerEvent: {}
[8.238246] (-) TimerEvent: {}
[8.338621] (-) TimerEvent: {}
[8.438996] (-) TimerEvent: {}
[8.539326] (-) TimerEvent: {}
[8.639691] (-) TimerEvent: {}
[8.740023] (-) TimerEvent: {}
[8.840396] (-) TimerEvent: {}
[8.940762] (-) TimerEvent: {}
[9.041620] (-) TimerEvent: {}
[9.141995] (-) TimerEvent: {}
[9.242318] (-) TimerEvent: {}
[9.342705] (-) TimerEvent: {}
[9.443002] (-) TimerEvent: {}
[9.543319] (-) TimerEvent: {}
[9.643641] (-) TimerEvent: {}
[9.743957] (-) TimerEvent: {}
[9.844256] (-) TimerEvent: {}
[9.944563] (-) TimerEvent: {}
[10.044905] (-) TimerEvent: {}
[10.145228] (-) TimerEvent: {}
[10.245621] (-) TimerEvent: {}
[10.276633] (yolo_msgs) StdoutLine: {'line': b'-- The CXX compiler identification is GNU 11.4.0\n'}
[10.295942] (yolo_msgs) StdoutLine: {'line': b'-- Detecting C compiler ABI info\n'}
[10.345761] (-) TimerEvent: {}
[10.446793] (-) TimerEvent: {}
[10.547112] (-) TimerEvent: {}
[10.647440] (-) TimerEvent: {}
[10.667646] (yolo_msgs) StdoutLine: {'line': b'-- Detecting C compiler ABI info - done\n'}
[10.676041] (yolo_msgs) StdoutLine: {'line': b'-- Check for working C compiler: /usr/bin/cc - skipped\n'}
[10.676998] (yolo_msgs) StdoutLine: {'line': b'-- Detecting C compile features\n'}
[10.733097] (yolo_msgs) StdoutLine: {'line': b'-- Detecting C compile features - done\n'}
[10.738276] (yolo_msgs) StdoutLine: {'line': b'-- Detecting CXX compiler ABI info\n'}
[10.747591] (-) TimerEvent: {}
[10.847964] (-) TimerEvent: {}
[10.948324] (-) TimerEvent: {}
[10.985646] (yolo_msgs) StdoutLine: {'line': b'-- Detecting CXX compiler ABI info - done\n'}
[10.994378] (yolo_msgs) StdoutLine: {'line': b'-- Check for working CXX compiler: /usr/bin/c++ - skipped\n'}
[10.994606] (yolo_msgs) StdoutLine: {'line': b'-- Detecting CXX compile features\n'}
[10.995094] (yolo_msgs) StdoutLine: {'line': b'-- Detecting CXX compile features - done\n'}
[11.007378] (yolo_msgs) StdoutLine: {'line': b'-- Found ament_cmake: 1.3.12 (/opt/ros/humble/share/ament_cmake/cmake)\n'}
[11.048451] (-) TimerEvent: {}
[11.148806] (-) TimerEvent: {}
[11.249130] (-) TimerEvent: {}
[11.349543] (-) TimerEvent: {}
[11.449939] (-) TimerEvent: {}
[11.550314] (-) TimerEvent: {}
[11.650646] (-) TimerEvent: {}
[11.750968] (-) TimerEvent: {}
[11.851352] (-) TimerEvent: {}
[11.871265] (yolo_msgs) StdoutLine: {'line': b'-- Found Python3: /usr/bin/python3 (found version "3.10.12") found components: Interpreter \n'}
[11.951465] (-) TimerEvent: {}
[12.051816] (-) TimerEvent: {}
[12.090742] (yolo_msgs) StdoutLine: {'line': b'-- Found rosidl_default_generators: 1.2.0 (/opt/ros/humble/share/rosidl_default_generators/cmake)\n'}
[12.109299] (yolo_msgs) StdoutLine: {'line': b'-- Using all available rosidl_typesupport_c: rosidl_typesupport_fastrtps_c;rosidl_typesupport_introspection_c\n'}
[12.139302] (yolo_msgs) StdoutLine: {'line': b'-- Found rosidl_adapter: 3.1.7 (/opt/ros/humble/share/rosidl_adapter/cmake)\n'}
[12.151969] (-) TimerEvent: {}
[12.252477] (-) TimerEvent: {}
[12.352798] (-) TimerEvent: {}
[12.453133] (-) TimerEvent: {}
[12.501781] (yolo_msgs) StdoutLine: {'line': b'-- Using all available rosidl_typesupport_cpp: rosidl_typesupport_fastrtps_cpp;rosidl_typesupport_introspection_cpp\n'}
[12.553247] (-) TimerEvent: {}
[12.653610] (-) TimerEvent: {}
[12.679337] (yolo_msgs) StdoutLine: {'line': b'-- Found std_msgs: 4.9.0 (/opt/ros/humble/share/std_msgs/cmake)\n'}
[12.753962] (-) TimerEvent: {}
[12.759369] (yolo_msgs) StdoutLine: {'line': b'-- Found geometry_msgs: 4.9.0 (/opt/ros/humble/share/geometry_msgs/cmake)\n'}
[12.854073] (-) TimerEvent: {}
[12.954357] (-) TimerEvent: {}
[13.054634] (-) TimerEvent: {}
[13.154955] (-) TimerEvent: {}
[13.255322] (-) TimerEvent: {}
[13.355672] (-) TimerEvent: {}
[13.389345] (yolo_msgs) StdoutLine: {'line': b'-- Found ament_cmake_ros: 0.10.0 (/opt/ros/humble/share/ament_cmake_ros/cmake)\n'}
[13.455789] (-) TimerEvent: {}
[13.556094] (-) TimerEvent: {}
[13.656449] (-) TimerEvent: {}
[13.748385] (yolo_msgs) StdoutLine: {'line': b'-- Using all available rosidl_typesupport_c: rosidl_typesupport_fastrtps_c;rosidl_typesupport_introspection_c\n'}
[13.756560] (-) TimerEvent: {}
[13.856902] (-) TimerEvent: {}
[13.957257] (-) TimerEvent: {}
[14.057565] (-) TimerEvent: {}
[14.157858] (-) TimerEvent: {}
[14.258152] (-) TimerEvent: {}
[14.271372] (yolo_msgs) StdoutLine: {'line': b'-- Using all available rosidl_typesupport_cpp: rosidl_typesupport_fastrtps_cpp;rosidl_typesupport_introspection_cpp\n'}
[14.297581] (yolo_msgs) StdoutLine: {'line': b'-- Found PythonInterp: /usr/bin/python3 (found suitable version "3.10.12", minimum required is "3.6") \n'}
[14.303796] (yolo_msgs) StdoutLine: {'line': b'-- Found python_cmake_module: 0.10.0 (/opt/ros/humble/share/python_cmake_module/cmake)\n'}
[14.358277] (-) TimerEvent: {}
[14.458628] (-) TimerEvent: {}
[14.522198] (yolo_msgs) StdoutLine: {'line': b'-- Found PythonLibs: /usr/lib/x86_64-linux-gnu/libpython3.10.so (found suitable version "3.10.12", minimum required is "3.5") \n'}
[14.522474] (yolo_msgs) StdoutLine: {'line': b'-- Using PYTHON_EXECUTABLE: /usr/bin/python3\n'}
[14.522611] (yolo_msgs) StdoutLine: {'line': b'-- Using PYTHON_INCLUDE_DIRS: /usr/include/python3.10\n'}
[14.522709] (yolo_msgs) StdoutLine: {'line': b'-- Using PYTHON_LIBRARIES: /usr/lib/x86_64-linux-gnu/libpython3.10.so\n'}
[14.555511] (yolo_msgs) StdoutLine: {'line': b'-- Found PythonExtra: .so  \n'}
[14.558719] (-) TimerEvent: {}
[14.658995] (-) TimerEvent: {}
[14.759294] (-) TimerEvent: {}
[14.901419] (-) TimerEvent: {}
[14.986655] (yolo_msgs) StdoutLine: {'line': b'-- Using numpy include directory: /home/user/.local/lib/python3.10/site-packages/numpy/core/include\n'}
[15.001550] (-) TimerEvent: {}
[15.027444] (yolo_msgs) StdoutLine: {'line': b'-- Configuring done\n'}
[15.101679] (-) TimerEvent: {}
[15.185209] (yolo_msgs) StdoutLine: {'line': b'-- Generating done\n'}
[15.201894] (yolo_msgs) StdoutLine: {'line': b'-- Build files have been written to: /home/user/ros2_ws/build/yolo_msgs\n'}
[15.202150] (-) TimerEvent: {}
[15.214580] (yolo_msgs) CommandEnded: {'returncode': 0}
[15.215698] (yolo_msgs) JobProgress: {'identifier': 'yolo_msgs', 'progress': 'build'}
[15.217523] (yolo_msgs) Command: {'cmd': ['/usr/bin/cmake', '--build', '/home/user/ros2_ws/build/yolo_msgs', '--', '-j8', '-l8'], 'cwd': '/home/user/ros2_ws/build/yolo_msgs', 'env': OrderedDict([('ROS_VERSION', '2'), ('NVIDIA_VISIBLE_DEVICES', 'all'), ('GAZEBO_MASTER_URI', 'http://3_xterm:11345'), ('ROS_PYTHON_VERSION', '3'), ('HOSTNAME', '3_xterm'), ('ROBOT_HOSTNAME', ''), ('PWD', '/home/user/ros2_ws/build/yolo_msgs'), ('PORT', '4000'), ('NVIDIA_DRIVER_CAPABILITIES', 'all'), ('ROS_IP', ''), ('HOME', '/home/user'), ('GAZEBO_PLUGIN_PATH', '/usr/lib/x86_64-linux-gnu/gazebo-11/plugins:/usr/lib/x86_64-linux-gnu/gazebo-11/plugins:'), ('LANG', 'en_US.UTF-8'), ('GAZEBO_MODEL_DATABASE_URI', 'http://models.gazebosim.org'), ('LS_COLORS', 'rs=0:di=01;34:ln=01;36:mh=00:pi=40;33:so=01;35:do=01;35:bd=40;33;01:cd=40;33;01:or=40;31;01:mi=00:su=37;41:sg=30;43:ca=30;41:tw=30;42:ow=34;42:st=37;44:ex=01;32:*.tar=01;31:*.tgz=01;31:*.arc=01;31:*.arj=01;31:*.taz=01;31:*.lha=01;31:*.lz4=01;31:*.lzh=01;31:*.lzma=01;31:*.tlz=01;31:*.txz=01;31:*.tzo=01;31:*.t7z=01;31:*.zip=01;31:*.z=01;31:*.dz=01;31:*.gz=01;31:*.lrz=01;31:*.lz=01;31:*.lzo=01;31:*.xz=01;31:*.zst=01;31:*.tzst=01;31:*.bz2=01;31:*.bz=01;31:*.tbz=01;31:*.tbz2=01;31:*.tz=01;31:*.deb=01;31:*.rpm=01;31:*.jar=01;31:*.war=01;31:*.ear=01;31:*.sar=01;31:*.rar=01;31:*.alz=01;31:*.ace=01;31:*.zoo=01;31:*.cpio=01;31:*.7z=01;31:*.rz=01;31:*.cab=01;31:*.wim=01;31:*.swm=01;31:*.dwm=01;31:*.esd=01;31:*.jpg=01;35:*.jpeg=01;35:*.mjpg=01;35:*.mjpeg=01;35:*.gif=01;35:*.bmp=01;35:*.pbm=01;35:*.pgm=01;35:*.ppm=01;35:*.tga=01;35:*.xbm=01;35:*.xpm=01;35:*.tif=01;35:*.tiff=01;35:*.png=01;35:*.svg=01;35:*.svgz=01;35:*.mng=01;35:*.pcx=01;35:*.mov=01;35:*.mpg=01;35:*.mpeg=01;35:*.m2v=01;35:*.mkv=01;35:*.webm=01;35:*.webp=01;35:*.ogm=01;35:*.mp4=01;35:*.m4v=01;35:*.mp4v=01;35:*.vob=01;35:*.qt=01;35:*.nuv=01;35:*.wmv=01;35:*.asf=01;35:*.rm=01;35:*.rmvb=01;35:*.flc=01;35:*.avi=01;35:*.fli=01;35:*.flv=01;35:*.gl=01;35:*.dl=01;35:*.xcf=01;35:*.xwd=01;35:*.yuv=01;35:*.cgm=01;35:*.emf=01;35:*.ogv=01;35:*.ogx=01;35:*.aac=00;36:*.au=00;36:*.flac=00;36:*.m4a=00;36:*.mid=00;36:*.midi=00;36:*.mka=00;36:*.mp3=00;36:*.mpc=00;36:*.ogg=00;36:*.ra=00;36:*.wav=00;36:*.oga=00;36:*.opus=00;36:*.spx=00;36:*.xspf=00;36:'), ('AMENT_PREFIX_PATH', '/home/user/ros2_ws/install/deepmind_bot_trajectory_sender:/home/user/ros2_ws/install/deepmind_bot_navigation:/home/user/ros2_ws/install/deepmind_bot_gazebo:/home/user/ros2_ws/install/deepmind_bot_description:/home/user/ros2_ws/install/custom_msgs:/home/user/ros2_ws/install/advanced_perception:/opt/ros/humble'), ('CMAKE_PREFIX_PATH', '/home/user/ros2_ws/install/deepmind_bot_trajectory_sender:/home/user/ros2_ws/install/deepmind_bot_navigation:/home/user/ros2_ws/install/deepmind_bot_gazebo:/home/user/ros2_ws/install/deepmind_bot_description:/home/user/ros2_ws/install/custom_msgs:/home/user/ros2_ws/install/advanced_perception:/opt/ros/humble'), ('GAZEBO_RESOURCE_PATH', '/usr/share/gazebo-11:/usr/share/gazebo-11:/usr/share/gazebo'), ('COLCON_PREFIX_PATH', '/home/simulations/ros2_sims_ws/install:/home/user/ros2_ws/install'), ('GAZEBO_MASTER_PORT', '11345'), ('NVM_DIR', '/usr/local/share/shell/.nvm'), ('LESSCLOSE', '/usr/bin/lesspipe %s %s'), ('PYTHONPATH', '/home/user/ros2_ws/install/custom_msgs/local/lib/python3.10/dist-packages:/home/user/ros2_ws/install/advanced_perception/lib/python3.10/site-packages:/opt/ros/humble/lib/python3.10/site-packages:/opt/ros/humble/local/lib/python3.10/dist-packages:/home/simulations/public_sim_ws/src/all/ros_basics_examples/python_course_class:/home/simulations/public_sim_ws/src/ros_basics_examples/python_course_class:/home/simulations/public_sim_ws/src/all/kinematics_course_utils/kinematics'), ('COLCON', '1'), ('TERM', 'xterm-color'), ('LESSOPEN', '| /usr/bin/lesspipe %s'), ('SNAPCRAFT_BUILD_ENVIRONMENT', 'host'), ('GAZEBO_MASTER_HOSTNAME', '3_xterm'), ('DISPLAY', ':1'), ('SHLVL', '2'), ('NVM_CD_FLAGS', ''), ('ROS_MASTER_URI', 'http://3_xterm:11311'), ('ROS_HOSTNAME', '3_xterm'), ('LD_LIBRARY_PATH', '/usr/local/cuda-10.2/lib64:/home/user/.catkin_ws_python3/src/TensorRT-7.0.0.11/lib:/home/user/ros2_ws/install/custom_msgs/lib:/opt/ros/humble/opt/rviz_ogre_vendor/lib:/opt/ros/humble/lib/x86_64-linux-gnu:/opt/ros/humble/lib:/usr/local/cuda-10.2/lib64:/home/user/.catkin_ws_python3/src/TensorRT-7.0.0.11/lib::/usr/lib/x86_64-linux-gnu/gazebo-11/plugins::/usr/lib/x86_64-linux-gnu/gazebo-11/plugins:/usr/lib/x86_64-linux-gnu/gazebo-11/plugins:'), ('ROS_LOCALHOST_ONLY', '0'), ('SLOT_SHELL_START_ID', '999794'), ('SLOT_PREFIX', 'fd482a6d-ceb5-43de-9987-811f8262270e'), ('LC_ALL', 'C'), ('SOURCE_ROS1_WS', ''), ('GAZEBO_MODEL_PATH', '/usr/share/gazebo-11/models:/usr/share/gazebo-11/models:/usr/share/gazebo-9/models:/usr/share/gazebo/models_robox'), ('SLOT_JENKINS_PORT', '25593'), ('SLOT_SYSTEMD', 'False'), ('PATH', '/opt/ros/humble/bin:/usr/local/share/shell/.nvm/versions/node/v8.17.0/bin:/usr/local/sbin:/usr/local/bin:/usr/sbin:/usr/bin:/sbin:/bin:/home/user/.cargo/bin:/home/user/.cargo/bin'), ('SELECTED_ROS_DISTRO', 'humble'), ('NVM_BIN', '/usr/local/share/shell/.nvm/versions/node/v8.17.0/bin'), ('NODE_VERSION', 'v8.17.0'), ('DEBIAN_FRONTEND', 'noninteractive'), ('ROS_DISTRO', 'humble'), ('GAZEBO_VERBOSE', '0'), ('OGRE_RESOURCE_PATH', '/usr/lib/x86_64-linux-gnu/OGRE-1.9.0'), ('OLDPWD', '/home/user/ros2_ws/src'), ('SOURCE_ROS2_WS', 'True'), ('SLOT_ROSBRIDGE_PORT', '20003'), ('_', '/usr/bin/env')]), 'shell': False}
[15.275050] (yolo_msgs) StdoutLine: {'line': b'[  1%] \x1b[34m\x1b[1mGenerating C code for ROS interfaces\x1b[0m\n'}
[15.292720] (yolo_msgs) StdoutLine: {'line': b'[  1%] \x1b[34m\x1b[1mGenerating C++ code for ROS interfaces\x1b[0m\n'}
[15.295983] (yolo_msgs) StdoutLine: {'line': b'[  1%] Built target ament_cmake_python_copy_yolo_msgs\n'}
[15.305079] (-) TimerEvent: {}
[15.405775] (-) TimerEvent: {}
[15.506770] (-) TimerEvent: {}
[15.607204] (-) TimerEvent: {}
[15.708297] (-) TimerEvent: {}
[15.758449] (yolo_msgs) StdoutLine: {'line': b'running egg_info\n'}
[15.780311] (yolo_msgs) StdoutLine: {'line': b'creating yolo_msgs.egg-info\n'}
[15.780588] (yolo_msgs) StdoutLine: {'line': b'writing yolo_msgs.egg-info/PKG-INFO\n'}
[15.780888] (yolo_msgs) StdoutLine: {'line': b'writing dependency_links to yolo_msgs.egg-info/dependency_links.txt\n'}
[15.781175] (yolo_msgs) StdoutLine: {'line': b'writing top-level names to yolo_msgs.egg-info/top_level.txt\n'}
[15.781372] (yolo_msgs) StdoutLine: {'line': b"writing manifest file 'yolo_msgs.egg-info/SOURCES.txt'\n"}
[15.809386] (-) TimerEvent: {}
[15.910354] (-) TimerEvent: {}
[15.937367] (yolo_msgs) StdoutLine: {'line': b"reading manifest file 'yolo_msgs.egg-info/SOURCES.txt'\n"}
[15.937571] (yolo_msgs) StdoutLine: {'line': b"writing manifest file 'yolo_msgs.egg-info/SOURCES.txt'\n"}
[16.013412] (-) TimerEvent: {}
[16.025362] (yolo_msgs) StdoutLine: {'line': b'[  1%] Built target ament_cmake_python_build_yolo_msgs_egg\n'}
[16.113688] (-) TimerEvent: {}
[16.214023] (-) TimerEvent: {}
[16.314408] (-) TimerEvent: {}
[16.414785] (-) TimerEvent: {}
[16.515588] (-) TimerEvent: {}
[16.616867] (-) TimerEvent: {}
[16.717743] (-) TimerEvent: {}
[16.818165] (-) TimerEvent: {}
[16.918559] (-) TimerEvent: {}
[17.018942] (-) TimerEvent: {}
[17.119803] (-) TimerEvent: {}
[17.220560] (-) TimerEvent: {}
[17.322068] (-) TimerEvent: {}
[17.425448] (-) TimerEvent: {}
[17.525903] (-) TimerEvent: {}
[17.626715] (-) TimerEvent: {}
[17.652367] (yolo_msgs) StdoutLine: {'line': b'[  1%] Built target yolo_msgs__cpp\n'}
[17.705638] (yolo_msgs) StdoutLine: {'line': b'[  2%] \x1b[34m\x1b[1mGenerating C++ type support dispatch for ROS interfaces\x1b[0m\n'}
[17.719263] (yolo_msgs) StdoutLine: {'line': b'[  3%] \x1b[34m\x1b[1mGenerating C++ introspection for ROS interfaces\x1b[0m\n'}
[17.721991] (yolo_msgs) StdoutLine: {'line': b'[  3%] \x1b[34m\x1b[1mGenerating C++ type support for eProsima Fast-RTPS\x1b[0m\n'}
[17.727009] (-) TimerEvent: {}
[17.746278] (yolo_msgs) StdoutLine: {'line': b'[  4%] \x1b[32mBuilding C object CMakeFiles/yolo_msgs__rosidl_generator_c.dir/rosidl_generator_c/yolo_msgs/msg/detail/point2_d__functions.c.o\x1b[0m\n'}
[17.754126] (yolo_msgs) StdoutLine: {'line': b'[  5%] \x1b[32mBuilding C object CMakeFiles/yolo_msgs__rosidl_generator_c.dir/rosidl_generator_c/yolo_msgs/msg/detail/pose2_d__functions.c.o\x1b[0m\n'}
[17.755404] (yolo_msgs) StdoutLine: {'line': b'[  6%] \x1b[32mBuilding C object CMakeFiles/yolo_msgs__rosidl_generator_c.dir/rosidl_generator_c/yolo_msgs/msg/detail/bounding_box2_d__functions.c.o\x1b[0m\n'}
[17.755866] (yolo_msgs) StdoutLine: {'line': b'[  6%] \x1b[32mBuilding C object CMakeFiles/yolo_msgs__rosidl_generator_c.dir/rosidl_generator_c/yolo_msgs/msg/detail/vector2__functions.c.o\x1b[0m\n'}
[17.801560] (yolo_msgs) StdoutLine: {'line': b'[  7%] \x1b[32mBuilding C object CMakeFiles/yolo_msgs__rosidl_generator_c.dir/rosidl_generator_c/yolo_msgs/msg/detail/bounding_box3_d__functions.c.o\x1b[0m\n'}
[17.827129] (-) TimerEvent: {}
[17.929399] (-) TimerEvent: {}
[18.029757] (-) TimerEvent: {}
[18.132509] (-) TimerEvent: {}
[18.232907] (-) TimerEvent: {}
[18.333261] (-) TimerEvent: {}
[18.433606] (-) TimerEvent: {}
[18.533950] (-) TimerEvent: {}
[18.634305] (-) TimerEvent: {}
[18.734684] (-) TimerEvent: {}
[18.835993] (-) TimerEvent: {}
[18.936736] (-) TimerEvent: {}
[19.037485] (-) TimerEvent: {}
[19.140870] (-) TimerEvent: {}
[19.241229] (-) TimerEvent: {}
[19.341619] (-) TimerEvent: {}
[19.441995] (-) TimerEvent: {}
[19.542730] (-) TimerEvent: {}
[19.604871] (yolo_msgs) StdoutLine: {'line': b'[  7%] \x1b[32mBuilding C object CMakeFiles/yolo_msgs__rosidl_generator_c.dir/rosidl_generator_c/yolo_msgs/msg/detail/key_point2_d__functions.c.o\x1b[0m\n'}
[19.613419] (yolo_msgs) StdoutLine: {'line': b'[  8%] \x1b[32mBuilding C object CMakeFiles/yolo_msgs__rosidl_generator_c.dir/rosidl_generator_c/yolo_msgs/msg/detail/key_point2_d_array__functions.c.o\x1b[0m\n'}
[19.628764] (yolo_msgs) StdoutLine: {'line': b'[  9%] \x1b[32mBuilding C object CMakeFiles/yolo_msgs__rosidl_generator_c.dir/rosidl_generator_c/yolo_msgs/msg/detail/mask__functions.c.o\x1b[0m\n'}
[19.643556] (-) TimerEvent: {}
[19.643867] (yolo_msgs) StdoutLine: {'line': b'[ 10%] \x1b[32mBuilding C object CMakeFiles/yolo_msgs__rosidl_generator_c.dir/rosidl_generator_c/yolo_msgs/msg/detail/key_point3_d__functions.c.o\x1b[0m\n'}
[19.801415] (-) TimerEvent: {}
[19.860095] (yolo_msgs) StdoutLine: {'line': b'[ 11%] \x1b[32mBuilding C object CMakeFiles/yolo_msgs__rosidl_generator_c.dir/rosidl_generator_c/yolo_msgs/msg/detail/key_point3_d_array__functions.c.o\x1b[0m\n'}
[19.902130] (-) TimerEvent: {}
[19.921964] (yolo_msgs) StdoutLine: {'line': b'[ 12%] \x1b[32mBuilding C object CMakeFiles/yolo_msgs__rosidl_generator_c.dir/rosidl_generator_c/yolo_msgs/msg/detail/detection__functions.c.o\x1b[0m\n'}
[19.930873] (yolo_msgs) StdoutLine: {'line': b'[ 12%] \x1b[32mBuilding C object CMakeFiles/yolo_msgs__rosidl_generator_c.dir/rosidl_generator_c/yolo_msgs/msg/detail/detection_array__functions.c.o\x1b[0m\n'}
[19.935721] (yolo_msgs) StdoutLine: {'line': b'[ 13%] \x1b[32mBuilding C object CMakeFiles/yolo_msgs__rosidl_generator_c.dir/rosidl_generator_c/yolo_msgs/srv/detail/set_classes__functions.c.o\x1b[0m\n'}
[20.002261] (-) TimerEvent: {}
[20.103007] (-) TimerEvent: {}
[20.204367] (-) TimerEvent: {}
[20.281021] (yolo_msgs) StdoutLine: {'line': b'[ 14%] \x1b[32mBuilding CXX object CMakeFiles/yolo_msgs__rosidl_typesupport_cpp.dir/rosidl_typesupport_cpp/yolo_msgs/msg/vector2__type_support.cpp.o\x1b[0m\n'}
[20.304502] (-) TimerEvent: {}
[20.317521] (yolo_msgs) StdoutLine: {'line': b'[ 15%] \x1b[32mBuilding CXX object CMakeFiles/yolo_msgs__rosidl_typesupport_cpp.dir/rosidl_typesupport_cpp/yolo_msgs/msg/point2_d__type_support.cpp.o\x1b[0m\n'}
[20.317789] (yolo_msgs) StdoutLine: {'line': b'[ 15%] \x1b[32mBuilding CXX object CMakeFiles/yolo_msgs__rosidl_typesupport_cpp.dir/rosidl_typesupport_cpp/yolo_msgs/msg/pose2_d__type_support.cpp.o\x1b[0m\n'}
[20.336053] (yolo_msgs) StdoutLine: {'line': b'[ 17%] \x1b[32mBuilding CXX object CMakeFiles/yolo_msgs__rosidl_typesupport_cpp.dir/rosidl_typesupport_cpp/yolo_msgs/msg/bounding_box3_d__type_support.cpp.o\x1b[0m\n'}
[20.337549] (yolo_msgs) StdoutLine: {'line': b'[ 17%] \x1b[32mBuilding CXX object CMakeFiles/yolo_msgs__rosidl_typesupport_cpp.dir/rosidl_typesupport_cpp/yolo_msgs/msg/bounding_box2_d__type_support.cpp.o\x1b[0m\n'}
[20.409440] (-) TimerEvent: {}
[20.512851] (yolo_msgs) StdoutLine: {'line': b'[ 18%] \x1b[32m\x1b[1mLinking C shared library libyolo_msgs__rosidl_generator_c.so\x1b[0m\n'}
[20.513097] (-) TimerEvent: {}
[20.613378] (-) TimerEvent: {}
[20.713784] (-) TimerEvent: {}
[20.721541] (yolo_msgs) StdoutLine: {'line': b'[ 19%] \x1b[32mBuilding CXX object CMakeFiles/yolo_msgs__rosidl_typesupport_introspection_cpp.dir/rosidl_typesupport_introspection_cpp/yolo_msgs/msg/detail/point2_d__type_support.cpp.o\x1b[0m\n'}
[20.798363] (yolo_msgs) StdoutLine: {'line': b'[ 19%] Built target yolo_msgs__rosidl_generator_c\n'}
[20.813911] (-) TimerEvent: {}
[20.836618] (yolo_msgs) StdoutLine: {'line': b'[ 20%] \x1b[34m\x1b[1mGenerating C type support for eProsima Fast-RTPS\x1b[0m\n'}
[20.857272] (yolo_msgs) StdoutLine: {'line': b'[ 21%] \x1b[32mBuilding CXX object CMakeFiles/yolo_msgs__rosidl_typesupport_fastrtps_cpp.dir/rosidl_typesupport_fastrtps_cpp/yolo_msgs/msg/detail/dds_fastrtps/point2_d__type_support.cpp.o\x1b[0m\n'}
[20.916409] (-) TimerEvent: {}
[21.016767] (-) TimerEvent: {}
[21.117141] (-) TimerEvent: {}
[21.217564] (-) TimerEvent: {}
[21.318438] (-) TimerEvent: {}
[21.419677] (-) TimerEvent: {}
[21.520008] (-) TimerEvent: {}
[21.620434] (-) TimerEvent: {}
[21.725079] (-) TimerEvent: {}
[21.825512] (-) TimerEvent: {}
[21.925936] (-) TimerEvent: {}
[22.026352] (-) TimerEvent: {}
[22.126699] (-) TimerEvent: {}
[22.236253] (-) TimerEvent: {}
[22.336641] (-) TimerEvent: {}
[22.346640] (yolo_msgs) StdoutLine: {'line': b'[ 22%] \x1b[32mBuilding CXX object CMakeFiles/yolo_msgs__rosidl_typesupport_fastrtps_c.dir/rosidl_typesupport_fastrtps_c/yolo_msgs/msg/detail/point2_d__type_support_c.cpp.o\x1b[0m\n'}
[22.436757] (-) TimerEvent: {}
[22.537085] (-) TimerEvent: {}
[22.637801] (-) TimerEvent: {}
[22.739231] (-) TimerEvent: {}
[22.839819] (-) TimerEvent: {}
[22.941956] (-) TimerEvent: {}
[23.101412] (-) TimerEvent: {}
[23.201811] (-) TimerEvent: {}
[23.311397] (-) TimerEvent: {}
[23.411832] (-) TimerEvent: {}
[23.518000] (-) TimerEvent: {}
[23.621404] (-) TimerEvent: {}
[23.722379] (-) TimerEvent: {}
[23.728343] (yolo_msgs) StdoutLine: {'line': b'[ 22%] \x1b[32mBuilding CXX object CMakeFiles/yolo_msgs__rosidl_typesupport_fastrtps_c.dir/rosidl_typesupport_fastrtps_c/yolo_msgs/msg/detail/vector2__type_support_c.cpp.o\x1b[0m\n'}
[23.739309] (yolo_msgs) StdoutLine: {'line': b'[ 23%] \x1b[32mBuilding CXX object CMakeFiles/yolo_msgs__rosidl_typesupport_cpp.dir/rosidl_typesupport_cpp/yolo_msgs/msg/mask__type_support.cpp.o\x1b[0m\n'}
[23.823663] (-) TimerEvent: {}
[23.850976] (yolo_msgs) StdoutLine: {'line': b'[ 24%] \x1b[32mBuilding CXX object CMakeFiles/yolo_msgs__rosidl_typesupport_cpp.dir/rosidl_typesupport_cpp/yolo_msgs/msg/key_point2_d__type_support.cpp.o\x1b[0m\n'}
[23.923808] (-) TimerEvent: {}
[23.931764] (yolo_msgs) StdoutLine: {'line': b'[ 25%] \x1b[32mBuilding CXX object CMakeFiles/yolo_msgs__rosidl_typesupport_fastrtps_c.dir/rosidl_typesupport_fastrtps_c/yolo_msgs/msg/detail/bounding_box2_d__type_support_c.cpp.o\x1b[0m\n'}
[24.005059] (yolo_msgs) StdoutLine: {'line': b'[ 26%] \x1b[32mBuilding CXX object CMakeFiles/yolo_msgs__rosidl_typesupport_introspection_cpp.dir/rosidl_typesupport_introspection_cpp/yolo_msgs/msg/detail/vector2__type_support.cpp.o\x1b[0m\n'}
[24.006006] (yolo_msgs) StdoutLine: {'line': b'[ 27%] \x1b[34m\x1b[1mGenerating C introspection for ROS interfaces\x1b[0m\n'}
[24.026172] (-) TimerEvent: {}
[24.026935] (yolo_msgs) StdoutLine: {'line': b'[ 28%] \x1b[32mBuilding CXX object CMakeFiles/yolo_msgs__rosidl_typesupport_fastrtps_cpp.dir/rosidl_typesupport_fastrtps_cpp/yolo_msgs/msg/detail/dds_fastrtps/vector2__type_support.cpp.o\x1b[0m\n'}
[24.127825] (-) TimerEvent: {}
[24.233386] (-) TimerEvent: {}
[24.338139] (-) TimerEvent: {}
[24.501408] (-) TimerEvent: {}
[24.607714] (-) TimerEvent: {}
[24.708123] (-) TimerEvent: {}
[24.808606] (-) TimerEvent: {}
[24.909348] (-) TimerEvent: {}
[25.013408] (-) TimerEvent: {}
[25.052825] (yolo_msgs) StdoutLine: {'line': b'[ 29%] \x1b[32mBuilding CXX object CMakeFiles/yolo_msgs__rosidl_typesupport_fastrtps_c.dir/rosidl_typesupport_fastrtps_c/yolo_msgs/msg/detail/pose2_d__type_support_c.cpp.o\x1b[0m\n'}
[25.057401] (yolo_msgs) StdoutLine: {'line': b'[ 29%] \x1b[32mBuilding CXX object CMakeFiles/yolo_msgs__rosidl_typesupport_cpp.dir/rosidl_typesupport_cpp/yolo_msgs/msg/key_point2_d_array__type_support.cpp.o\x1b[0m\n'}
[25.113539] (-) TimerEvent: {}
[25.214938] (-) TimerEvent: {}
[25.240453] (yolo_msgs) StdoutLine: {'line': b'[ 30%] \x1b[32mBuilding CXX object CMakeFiles/yolo_msgs__rosidl_typesupport_cpp.dir/rosidl_typesupport_cpp/yolo_msgs/msg/key_point3_d__type_support.cpp.o\x1b[0m\n'}
[25.315049] (-) TimerEvent: {}
[25.416967] (-) TimerEvent: {}
[25.505244] (yolo_msgs) StdoutLine: {'line': b'[ 31%] \x1b[32mBuilding CXX object CMakeFiles/yolo_msgs__rosidl_typesupport_fastrtps_c.dir/rosidl_typesupport_fastrtps_c/yolo_msgs/msg/detail/bounding_box3_d__type_support_c.cpp.o\x1b[0m\n'}
[25.517086] (-) TimerEvent: {}
[25.617690] (-) TimerEvent: {}
[25.729426] (-) TimerEvent: {}
[25.758078] (yolo_msgs) StdoutLine: {'line': b'[ 32%] \x1b[32mBuilding CXX object CMakeFiles/yolo_msgs__rosidl_typesupport_fastrtps_c.dir/rosidl_typesupport_fastrtps_c/yolo_msgs/msg/detail/mask__type_support_c.cpp.o\x1b[0m\n'}
[25.829549] (-) TimerEvent: {}
[25.933236] (-) TimerEvent: {}
[26.034428] (-) TimerEvent: {}
[26.143219] (-) TimerEvent: {}
[26.243640] (-) TimerEvent: {}
[26.401409] (-) TimerEvent: {}
[26.429466] (yolo_msgs) StdoutLine: {'line': b'[ 33%] \x1b[32mBuilding CXX object CMakeFiles/yolo_msgs__rosidl_typesupport_introspection_cpp.dir/rosidl_typesupport_introspection_cpp/yolo_msgs/msg/detail/pose2_d__type_support.cpp.o\x1b[0m\n'}
[26.502692] (-) TimerEvent: {}
[26.514552] (yolo_msgs) StdoutLine: {'line': b'[ 34%] \x1b[32mBuilding CXX object CMakeFiles/yolo_msgs__rosidl_typesupport_fastrtps_cpp.dir/rosidl_typesupport_fastrtps_cpp/yolo_msgs/msg/detail/dds_fastrtps/pose2_d__type_support.cpp.o\x1b[0m\n'}
[26.602817] (-) TimerEvent: {}
[26.705411] (-) TimerEvent: {}
[26.809525] (-) TimerEvent: {}
[26.911362] (-) TimerEvent: {}
[27.019238] (-) TimerEvent: {}
[27.029457] (yolo_msgs) StdoutLine: {'line': b'[ 35%] \x1b[32mBuilding CXX object CMakeFiles/yolo_msgs__rosidl_typesupport_cpp.dir/rosidl_typesupport_cpp/yolo_msgs/msg/key_point3_d_array__type_support.cpp.o\x1b[0m\n'}
[27.119540] (-) TimerEvent: {}
[27.213546] (yolo_msgs) StdoutLine: {'line': b'[ 36%] \x1b[32mBuilding CXX object CMakeFiles/yolo_msgs__rosidl_typesupport_cpp.dir/rosidl_typesupport_cpp/yolo_msgs/msg/detection__type_support.cpp.o\x1b[0m\n'}
[27.219670] (-) TimerEvent: {}
[27.320223] (-) TimerEvent: {}
[27.421218] (-) TimerEvent: {}
[27.505678] (yolo_msgs) StdoutLine: {'line': b'[ 37%] \x1b[32mBuilding CXX object CMakeFiles/yolo_msgs__rosidl_typesupport_cpp.dir/rosidl_typesupport_cpp/yolo_msgs/msg/detection_array__type_support.cpp.o\x1b[0m\n'}
[27.522908] (-) TimerEvent: {}
[27.624685] (-) TimerEvent: {}
[27.733415] (-) TimerEvent: {}
[27.753804] (yolo_msgs) StdoutLine: {'line': b'[ 37%] \x1b[32mBuilding CXX object CMakeFiles/yolo_msgs__rosidl_typesupport_fastrtps_c.dir/rosidl_typesupport_fastrtps_c/yolo_msgs/msg/detail/key_point2_d__type_support_c.cpp.o\x1b[0m\n'}
[27.833541] (-) TimerEvent: {}
[27.934347] (-) TimerEvent: {}
[28.035155] (-) TimerEvent: {}
[28.138327] (-) TimerEvent: {}
[28.239354] (-) TimerEvent: {}
[28.401430] (-) TimerEvent: {}
[28.505408] (-) TimerEvent: {}
[28.606359] (-) TimerEvent: {}
[28.620762] (yolo_msgs) StdoutLine: {'line': b'[ 38%] \x1b[32mBuilding CXX object CMakeFiles/yolo_msgs__rosidl_typesupport_introspection_cpp.dir/rosidl_typesupport_introspection_cpp/yolo_msgs/msg/detail/bounding_box2_d__type_support.cpp.o\x1b[0m\n'}
[28.706679] (-) TimerEvent: {}
[28.730925] (yolo_msgs) StdoutLine: {'line': b'[ 38%] \x1b[32mBuilding CXX object CMakeFiles/yolo_msgs__rosidl_typesupport_fastrtps_cpp.dir/rosidl_typesupport_fastrtps_cpp/yolo_msgs/msg/detail/dds_fastrtps/bounding_box2_d__type_support.cpp.o\x1b[0m\n'}
[28.806814] (-) TimerEvent: {}
[28.910707] (-) TimerEvent: {}
[28.953449] (yolo_msgs) StdoutLine: {'line': b'[ 38%] \x1b[32mBuilding CXX object CMakeFiles/yolo_msgs__rosidl_typesupport_cpp.dir/rosidl_typesupport_cpp/yolo_msgs/srv/set_classes__type_support.cpp.o\x1b[0m\n'}
[29.014877] (-) TimerEvent: {}
[29.121415] (-) TimerEvent: {}
[29.221816] (-) TimerEvent: {}
[29.323115] (-) TimerEvent: {}
[29.423525] (-) TimerEvent: {}
[29.454596] (yolo_msgs) StdoutLine: {'line': b'[ 39%] \x1b[32mBuilding CXX object CMakeFiles/yolo_msgs__rosidl_typesupport_fastrtps_c.dir/rosidl_typesupport_fastrtps_c/yolo_msgs/msg/detail/key_point3_d__type_support_c.cpp.o\x1b[0m\n'}
[29.524170] (-) TimerEvent: {}
[29.629449] (-) TimerEvent: {}
[29.730899] (-) TimerEvent: {}
[29.832595] (-) TimerEvent: {}
[29.933097] (-) TimerEvent: {}
[30.002928] (yolo_msgs) StdoutLine: {'line': b'[ 40%] \x1b[32m\x1b[1mLinking CXX shared library libyolo_msgs__rosidl_typesupport_cpp.so\x1b[0m\n'}
[30.033984] (-) TimerEvent: {}
[30.122619] (yolo_msgs) StdoutLine: {'line': b'[ 40%] \x1b[32mBuilding CXX object CMakeFiles/yolo_msgs__rosidl_typesupport_introspection_cpp.dir/rosidl_typesupport_introspection_cpp/yolo_msgs/msg/detail/bounding_box3_d__type_support.cpp.o\x1b[0m\n'}
[30.134104] (-) TimerEvent: {}
[30.215572] (yolo_msgs) StdoutLine: {'line': b'[ 41%] \x1b[32mBuilding CXX object CMakeFiles/yolo_msgs__rosidl_typesupport_fastrtps_cpp.dir/rosidl_typesupport_fastrtps_cpp/yolo_msgs/msg/detail/dds_fastrtps/mask__type_support.cpp.o\x1b[0m\n'}
[30.234479] (-) TimerEvent: {}
[30.336966] (-) TimerEvent: {}
[30.431271] (yolo_msgs) StdoutLine: {'line': b'[ 42%] \x1b[32mBuilding C object CMakeFiles/yolo_msgs__rosidl_typesupport_introspection_c.dir/rosidl_typesupport_introspection_c/yolo_msgs/msg/detail/point2_d__type_support.c.o\x1b[0m\n'}
[30.437093] (-) TimerEvent: {}
[30.438196] (yolo_msgs) StdoutLine: {'line': b'[ 42%] Built target yolo_msgs__rosidl_typesupport_cpp\n'}
[30.539094] (-) TimerEvent: {}
[30.550224] (yolo_msgs) StdoutLine: {'line': b'[ 43%] \x1b[32mBuilding CXX object CMakeFiles/yolo_msgs__rosidl_typesupport_fastrtps_c.dir/rosidl_typesupport_fastrtps_c/yolo_msgs/msg/detail/key_point2_d_array__type_support_c.cpp.o\x1b[0m\n'}
[30.559575] (yolo_msgs) StdoutLine: {'line': b'[ 44%] \x1b[32mBuilding C object CMakeFiles/yolo_msgs__rosidl_typesupport_introspection_c.dir/rosidl_typesupport_introspection_c/yolo_msgs/msg/detail/vector2__type_support.c.o\x1b[0m\n'}
[30.640246] (-) TimerEvent: {}
[30.716005] (yolo_msgs) StdoutLine: {'line': b'[ 44%] \x1b[32mBuilding C object CMakeFiles/yolo_msgs__rosidl_typesupport_introspection_c.dir/rosidl_typesupport_introspection_c/yolo_msgs/msg/detail/pose2_d__type_support.c.o\x1b[0m\n'}
[30.740391] (-) TimerEvent: {}
[30.841402] (-) TimerEvent: {}
[30.854059] (yolo_msgs) StdoutLine: {'line': b'[ 45%] \x1b[32mBuilding C object CMakeFiles/yolo_msgs__rosidl_typesupport_introspection_c.dir/rosidl_typesupport_introspection_c/yolo_msgs/msg/detail/bounding_box2_d__type_support.c.o\x1b[0m\n'}
[30.942515] (-) TimerEvent: {}
[30.943222] (yolo_msgs) StdoutLine: {'line': b'[ 46%] \x1b[32mBuilding C object CMakeFiles/yolo_msgs__rosidl_typesupport_introspection_c.dir/rosidl_typesupport_introspection_c/yolo_msgs/msg/detail/bounding_box3_d__type_support.c.o\x1b[0m\n'}
[31.042396] (-) TimerEvent: {}
[31.142753] (-) TimerEvent: {}
[31.150130] (yolo_msgs) StdoutLine: {'line': b'[ 47%] \x1b[32mBuilding CXX object CMakeFiles/yolo_msgs__rosidl_typesupport_introspection_cpp.dir/rosidl_typesupport_introspection_cpp/yolo_msgs/msg/detail/mask__type_support.cpp.o\x1b[0m\n'}
[31.246690] (-) TimerEvent: {}
[31.268719] (yolo_msgs) StdoutLine: {'line': b'[ 48%] \x1b[32mBuilding CXX object CMakeFiles/yolo_msgs__rosidl_typesupport_fastrtps_cpp.dir/rosidl_typesupport_fastrtps_cpp/yolo_msgs/msg/detail/dds_fastrtps/key_point2_d__type_support.cpp.o\x1b[0m\n'}
[31.346828] (-) TimerEvent: {}
[31.347546] (yolo_msgs) StdoutLine: {'line': b'[ 49%] \x1b[32mBuilding C object CMakeFiles/yolo_msgs__rosidl_typesupport_introspection_c.dir/rosidl_typesupport_introspection_c/yolo_msgs/msg/detail/mask__type_support.c.o\x1b[0m\n'}
[31.428152] (yolo_msgs) StdoutLine: {'line': b'[ 50%] \x1b[32mBuilding CXX object CMakeFiles/yolo_msgs__rosidl_typesupport_fastrtps_c.dir/rosidl_typesupport_fastrtps_c/yolo_msgs/msg/detail/detection__type_support_c.cpp.o\x1b[0m\n'}
[31.449433] (-) TimerEvent: {}
[31.521396] (yolo_msgs) StdoutLine: {'line': b'[ 51%] \x1b[32mBuilding C object CMakeFiles/yolo_msgs__rosidl_typesupport_introspection_c.dir/rosidl_typesupport_introspection_c/yolo_msgs/msg/detail/key_point2_d__type_support.c.o\x1b[0m\n'}
[31.549560] (-) TimerEvent: {}
[31.625890] (yolo_msgs) StdoutLine: {'line': b'[ 51%] \x1b[32mBuilding C object CMakeFiles/yolo_msgs__rosidl_typesupport_introspection_c.dir/rosidl_typesupport_introspection_c/yolo_msgs/msg/detail/key_point2_d_array__type_support.c.o\x1b[0m\n'}
[31.651282] (-) TimerEvent: {}
[31.748833] (yolo_msgs) StdoutLine: {'line': b'[ 52%] \x1b[32mBuilding C object CMakeFiles/yolo_msgs__rosidl_typesupport_introspection_c.dir/rosidl_typesupport_introspection_c/yolo_msgs/msg/detail/key_point3_d__type_support.c.o\x1b[0m\n'}
[31.751388] (-) TimerEvent: {}
[31.844066] (yolo_msgs) StdoutLine: {'line': b'[ 53%] \x1b[32mBuilding C object CMakeFiles/yolo_msgs__rosidl_typesupport_introspection_c.dir/rosidl_typesupport_introspection_c/yolo_msgs/msg/detail/key_point3_d_array__type_support.c.o\x1b[0m\n'}
[31.851528] (-) TimerEvent: {}
[31.943852] (yolo_msgs) StdoutLine: {'line': b'[ 54%] \x1b[32mBuilding C object CMakeFiles/yolo_msgs__rosidl_typesupport_introspection_c.dir/rosidl_typesupport_introspection_c/yolo_msgs/msg/detail/detection__type_support.c.o\x1b[0m\n'}
[31.951655] (-) TimerEvent: {}
[32.052046] (-) TimerEvent: {}
[32.106383] (yolo_msgs) StdoutLine: {'line': b'[ 55%] \x1b[32mBuilding C object CMakeFiles/yolo_msgs__rosidl_typesupport_introspection_c.dir/rosidl_typesupport_introspection_c/yolo_msgs/msg/detail/detection_array__type_support.c.o\x1b[0m\n'}
[32.153412] (-) TimerEvent: {}
[32.254907] (-) TimerEvent: {}
[32.267047] (yolo_msgs) StdoutLine: {'line': b'[ 55%] \x1b[32mBuilding C object CMakeFiles/yolo_msgs__rosidl_typesupport_introspection_c.dir/rosidl_typesupport_introspection_c/yolo_msgs/srv/detail/set_classes__type_support.c.o\x1b[0m\n'}
[32.325966] (yolo_msgs) StdoutLine: {'line': b'[ 56%] \x1b[32mBuilding CXX object CMakeFiles/yolo_msgs__rosidl_typesupport_introspection_cpp.dir/rosidl_typesupport_introspection_cpp/yolo_msgs/msg/detail/key_point2_d__type_support.cpp.o\x1b[0m\n'}
[32.337065] (yolo_msgs) StdoutLine: {'line': b'[ 57%] \x1b[32mBuilding CXX object CMakeFiles/yolo_msgs__rosidl_typesupport_fastrtps_cpp.dir/rosidl_typesupport_fastrtps_cpp/yolo_msgs/msg/detail/dds_fastrtps/key_point2_d_array__type_support.cpp.o\x1b[0m\n'}
[32.355043] (-) TimerEvent: {}
[32.439269] (yolo_msgs) StdoutLine: {'line': b'[ 58%] \x1b[32mBuilding CXX object CMakeFiles/yolo_msgs__rosidl_typesupport_fastrtps_c.dir/rosidl_typesupport_fastrtps_c/yolo_msgs/msg/detail/key_point3_d_array__type_support_c.cpp.o\x1b[0m\n'}
[32.439618] (yolo_msgs) StdoutLine: {'line': b'[ 59%] \x1b[32m\x1b[1mLinking C shared library libyolo_msgs__rosidl_typesupport_introspection_c.so\x1b[0m\n'}
[32.455161] (-) TimerEvent: {}
[32.555497] (-) TimerEvent: {}
[32.653409] (yolo_msgs) StdoutLine: {'line': b'[ 59%] Built target yolo_msgs__rosidl_typesupport_introspection_c\n'}
[32.661389] (-) TimerEvent: {}
[32.761726] (-) TimerEvent: {}
[32.862348] (-) TimerEvent: {}
[32.962734] (-) TimerEvent: {}
[33.063126] (-) TimerEvent: {}
[33.163474] (-) TimerEvent: {}
[33.175391] (yolo_msgs) StdoutLine: {'line': b'[ 59%] \x1b[32mBuilding CXX object CMakeFiles/yolo_msgs__rosidl_typesupport_fastrtps_c.dir/rosidl_typesupport_fastrtps_c/yolo_msgs/msg/detail/detection_array__type_support_c.cpp.o\x1b[0m\n'}
[33.263605] (-) TimerEvent: {}
[33.269824] (yolo_msgs) StdoutLine: {'line': b'[ 60%] \x1b[32mBuilding CXX object CMakeFiles/yolo_msgs__rosidl_typesupport_introspection_cpp.dir/rosidl_typesupport_introspection_cpp/yolo_msgs/msg/detail/key_point2_d_array__type_support.cpp.o\x1b[0m\n'}
[33.301409] (yolo_msgs) StdoutLine: {'line': b'[ 61%] \x1b[32mBuilding CXX object CMakeFiles/yolo_msgs__rosidl_typesupport_fastrtps_cpp.dir/rosidl_typesupport_fastrtps_cpp/yolo_msgs/msg/detail/dds_fastrtps/key_point3_d_array__type_support.cpp.o\x1b[0m\n'}
[33.364218] (-) TimerEvent: {}
[33.464627] (-) TimerEvent: {}
[33.565005] (-) TimerEvent: {}
[33.665396] (-) TimerEvent: {}
[33.765775] (-) TimerEvent: {}
[33.851265] (yolo_msgs) StdoutLine: {'line': b'[ 62%] \x1b[32mBuilding CXX object CMakeFiles/yolo_msgs__rosidl_typesupport_fastrtps_c.dir/rosidl_typesupport_fastrtps_c/yolo_msgs/srv/detail/set_classes__type_support_c.cpp.o\x1b[0m\n'}
[33.865904] (-) TimerEvent: {}
[33.966315] (-) TimerEvent: {}
[34.066721] (-) TimerEvent: {}
[34.101015] (yolo_msgs) StdoutLine: {'line': b'[ 63%] \x1b[32mBuilding CXX object CMakeFiles/yolo_msgs__rosidl_typesupport_introspection_cpp.dir/rosidl_typesupport_introspection_cpp/yolo_msgs/msg/detail/key_point3_d__type_support.cpp.o\x1b[0m\n'}
[34.154966] (yolo_msgs) StdoutLine: {'line': b'[ 64%] \x1b[32mBuilding CXX object CMakeFiles/yolo_msgs__rosidl_typesupport_fastrtps_cpp.dir/rosidl_typesupport_fastrtps_cpp/yolo_msgs/msg/detail/dds_fastrtps/detection_array__type_support.cpp.o\x1b[0m\n'}
[34.166848] (-) TimerEvent: {}
[34.267156] (-) TimerEvent: {}
[34.367457] (-) TimerEvent: {}
[34.467784] (-) TimerEvent: {}
[34.568106] (-) TimerEvent: {}
[34.661283] (yolo_msgs) StdoutLine: {'line': b'[ 64%] \x1b[32mBuilding CXX object CMakeFiles/yolo_msgs__rosidl_typesupport_introspection_cpp.dir/rosidl_typesupport_introspection_cpp/yolo_msgs/msg/detail/key_point3_d_array__type_support.cpp.o\x1b[0m\n'}
[34.668248] (-) TimerEvent: {}
[34.768614] (-) TimerEvent: {}
[34.870654] (-) TimerEvent: {}
[34.969028] (yolo_msgs) StdoutLine: {'line': b'[ 65%] \x1b[32mBuilding CXX object CMakeFiles/yolo_msgs__rosidl_typesupport_fastrtps_cpp.dir/rosidl_typesupport_fastrtps_cpp/yolo_msgs/srv/detail/dds_fastrtps/set_classes__type_support.cpp.o\x1b[0m\n'}
[34.970749] (-) TimerEvent: {}
[35.023180] (yolo_msgs) StdoutLine: {'line': b'[ 66%] \x1b[32m\x1b[1mLinking CXX shared library libyolo_msgs__rosidl_typesupport_fastrtps_c.so\x1b[0m\n'}
[35.070899] (-) TimerEvent: {}
[35.175194] (-) TimerEvent: {}
[35.268451] (yolo_msgs) StdoutLine: {'line': b'[ 66%] Built target yolo_msgs__rosidl_typesupport_fastrtps_c\n'}
[35.275300] (-) TimerEvent: {}
[35.375648] (-) TimerEvent: {}
[35.442411] (yolo_msgs) StdoutLine: {'line': b'[ 67%] \x1b[32mBuilding CXX object CMakeFiles/yolo_msgs__rosidl_typesupport_introspection_cpp.dir/rosidl_typesupport_introspection_cpp/yolo_msgs/msg/detail/detection_array__type_support.cpp.o\x1b[0m\n'}
[35.475734] (-) TimerEvent: {}
[35.576065] (-) TimerEvent: {}
[35.676390] (-) TimerEvent: {}
[35.745629] (yolo_msgs) StdoutLine: {'line': b'[ 68%] \x1b[32mBuilding CXX object CMakeFiles/yolo_msgs__rosidl_typesupport_fastrtps_cpp.dir/rosidl_typesupport_fastrtps_cpp/yolo_msgs/msg/detail/dds_fastrtps/detection__type_support.cpp.o\x1b[0m\n'}
[35.776504] (-) TimerEvent: {}
[35.876805] (-) TimerEvent: {}
[35.977127] (-) TimerEvent: {}
[36.077480] (-) TimerEvent: {}
[36.173445] (yolo_msgs) StdoutLine: {'line': b'[ 69%] \x1b[32mBuilding CXX object CMakeFiles/yolo_msgs__rosidl_typesupport_introspection_cpp.dir/rosidl_typesupport_introspection_cpp/yolo_msgs/srv/detail/set_classes__type_support.cpp.o\x1b[0m\n'}
[36.177578] (-) TimerEvent: {}
[36.277859] (-) TimerEvent: {}
[36.300958] (yolo_msgs) StdoutLine: {'line': b'[ 69%] \x1b[32mBuilding CXX object CMakeFiles/yolo_msgs__rosidl_typesupport_fastrtps_cpp.dir/rosidl_typesupport_fastrtps_cpp/yolo_msgs/msg/detail/dds_fastrtps/key_point3_d__type_support.cpp.o\x1b[0m\n'}
[36.377999] (-) TimerEvent: {}
[36.478409] (-) TimerEvent: {}
[36.578797] (-) TimerEvent: {}
[36.679182] (-) TimerEvent: {}
[36.683443] (yolo_msgs) StdoutLine: {'line': b'[ 70%] \x1b[32mBuilding CXX object CMakeFiles/yolo_msgs__rosidl_typesupport_introspection_cpp.dir/rosidl_typesupport_introspection_cpp/yolo_msgs/msg/detail/detection__type_support.cpp.o\x1b[0m\n'}
[36.779308] (-) TimerEvent: {}
[36.797449] (yolo_msgs) StdoutLine: {'line': b'[ 71%] \x1b[32mBuilding CXX object CMakeFiles/yolo_msgs__rosidl_typesupport_fastrtps_cpp.dir/rosidl_typesupport_fastrtps_cpp/yolo_msgs/msg/detail/dds_fastrtps/bounding_box3_d__type_support.cpp.o\x1b[0m\n'}
[36.879414] (-) TimerEvent: {}
[36.979725] (-) TimerEvent: {}
[37.080027] (-) TimerEvent: {}
[37.180325] (-) TimerEvent: {}
[37.256187] (yolo_msgs) StdoutLine: {'line': b'[ 72%] \x1b[32m\x1b[1mLinking CXX shared library libyolo_msgs__rosidl_typesupport_introspection_cpp.so\x1b[0m\n'}
[37.274925] (yolo_msgs) StdoutLine: {'line': b'[ 72%] \x1b[32m\x1b[1mLinking CXX shared library libyolo_msgs__rosidl_typesupport_fastrtps_cpp.so\x1b[0m\n'}
[37.280449] (-) TimerEvent: {}
[37.380756] (-) TimerEvent: {}
[37.426630] (yolo_msgs) StdoutLine: {'line': b'[ 72%] Built target yolo_msgs__rosidl_typesupport_introspection_cpp\n'}
[37.480882] (-) TimerEvent: {}
[37.484537] (yolo_msgs) StdoutLine: {'line': b'[ 72%] Built target yolo_msgs__rosidl_typesupport_fastrtps_cpp\n'}
[37.495772] (yolo_msgs) StdoutLine: {'line': b'[ 73%] \x1b[34m\x1b[1mGenerating C type support dispatch for ROS interfaces\x1b[0m\n'}
[37.580992] (-) TimerEvent: {}
[37.681286] (-) TimerEvent: {}
[37.781606] (-) TimerEvent: {}
[37.881920] (-) TimerEvent: {}
[37.982214] (-) TimerEvent: {}
[38.082518] (-) TimerEvent: {}
[38.182820] (-) TimerEvent: {}
[38.283111] (-) TimerEvent: {}
[38.386889] (-) TimerEvent: {}
[38.487293] (-) TimerEvent: {}
[38.515143] (yolo_msgs) StdoutLine: {'line': b'[ 73%] \x1b[32mBuilding CXX object CMakeFiles/yolo_msgs__rosidl_typesupport_c.dir/rosidl_typesupport_c/yolo_msgs/msg/point2_d__type_support.cpp.o\x1b[0m\n'}
[38.553418] (yolo_msgs) StdoutLine: {'line': b'[ 74%] \x1b[32mBuilding CXX object CMakeFiles/yolo_msgs__rosidl_typesupport_c.dir/rosidl_typesupport_c/yolo_msgs/msg/key_point2_d_array__type_support.cpp.o\x1b[0m\n'}
[38.587473] (yolo_msgs) StdoutLine: {'line': b'[ 75%] \x1b[32mBuilding CXX object CMakeFiles/yolo_msgs__rosidl_typesupport_c.dir/rosidl_typesupport_c/yolo_msgs/msg/key_point3_d__type_support.cpp.o\x1b[0m\n'}
[38.587702] (-) TimerEvent: {}
[38.626647] (yolo_msgs) StdoutLine: {'line': b'[ 76%] \x1b[32mBuilding CXX object CMakeFiles/yolo_msgs__rosidl_typesupport_c.dir/rosidl_typesupport_c/yolo_msgs/msg/key_point3_d_array__type_support.cpp.o\x1b[0m\n'}
[38.665661] (yolo_msgs) StdoutLine: {'line': b'[ 76%] \x1b[32mBuilding CXX object CMakeFiles/yolo_msgs__rosidl_typesupport_c.dir/rosidl_typesupport_c/yolo_msgs/msg/detection__type_support.cpp.o\x1b[0m\n'}
[38.687815] (-) TimerEvent: {}
[38.705107] (yolo_msgs) StdoutLine: {'line': b'[ 77%] \x1b[32mBuilding CXX object CMakeFiles/yolo_msgs__rosidl_typesupport_c.dir/rosidl_typesupport_c/yolo_msgs/msg/detection_array__type_support.cpp.o\x1b[0m\n'}
[38.751003] (yolo_msgs) StdoutLine: {'line': b'[ 78%] \x1b[32mBuilding CXX object CMakeFiles/yolo_msgs__rosidl_typesupport_c.dir/rosidl_typesupport_c/yolo_msgs/srv/set_classes__type_support.cpp.o\x1b[0m\n'}
[38.786192] (yolo_msgs) StdoutLine: {'line': b'[ 79%] \x1b[32mBuilding CXX object CMakeFiles/yolo_msgs__rosidl_typesupport_c.dir/rosidl_typesupport_c/yolo_msgs/msg/key_point2_d__type_support.cpp.o\x1b[0m\n'}
[38.788084] (-) TimerEvent: {}
[38.824265] (yolo_msgs) StdoutLine: {'line': b'[ 79%] \x1b[32mBuilding CXX object CMakeFiles/yolo_msgs__rosidl_typesupport_c.dir/rosidl_typesupport_c/yolo_msgs/msg/mask__type_support.cpp.o\x1b[0m\n'}
[38.875417] (yolo_msgs) StdoutLine: {'line': b'[ 80%] \x1b[32mBuilding CXX object CMakeFiles/yolo_msgs__rosidl_typesupport_c.dir/rosidl_typesupport_c/yolo_msgs/msg/bounding_box3_d__type_support.cpp.o\x1b[0m\n'}
[38.888211] (-) TimerEvent: {}
[38.921852] (yolo_msgs) StdoutLine: {'line': b'[ 81%] \x1b[32mBuilding CXX object CMakeFiles/yolo_msgs__rosidl_typesupport_c.dir/rosidl_typesupport_c/yolo_msgs/msg/bounding_box2_d__type_support.cpp.o\x1b[0m\n'}
[38.959697] (yolo_msgs) StdoutLine: {'line': b'[ 82%] \x1b[32mBuilding CXX object CMakeFiles/yolo_msgs__rosidl_typesupport_c.dir/rosidl_typesupport_c/yolo_msgs/msg/pose2_d__type_support.cpp.o\x1b[0m\n'}
[38.988327] (-) TimerEvent: {}
[38.991544] (yolo_msgs) StdoutLine: {'line': b'[ 83%] \x1b[32mBuilding CXX object CMakeFiles/yolo_msgs__rosidl_typesupport_c.dir/rosidl_typesupport_c/yolo_msgs/msg/vector2__type_support.cpp.o\x1b[0m\n'}
[39.031200] (yolo_msgs) StdoutLine: {'line': b'[ 84%] \x1b[32m\x1b[1mLinking CXX shared library libyolo_msgs__rosidl_typesupport_c.so\x1b[0m\n'}
[39.088470] (-) TimerEvent: {}
[39.140883] (yolo_msgs) StdoutLine: {'line': b'[ 84%] Built target yolo_msgs__rosidl_typesupport_c\n'}
[39.162468] (yolo_msgs) StdoutLine: {'line': b'[ 84%] Built target yolo_msgs\n'}
[39.185045] (yolo_msgs) StdoutLine: {'line': b'[ 85%] \x1b[34m\x1b[1mGenerating Python code for ROS interfaces\x1b[0m\n'}
[39.188581] (-) TimerEvent: {}
[39.288947] (-) TimerEvent: {}
[39.389293] (-) TimerEvent: {}
[39.489680] (-) TimerEvent: {}
[39.590047] (-) TimerEvent: {}
[39.690379] (-) TimerEvent: {}
[39.790675] (-) TimerEvent: {}
[39.890975] (-) TimerEvent: {}
[39.991308] (-) TimerEvent: {}
[40.091654] (-) TimerEvent: {}
[40.191996] (-) TimerEvent: {}
[40.292296] (-) TimerEvent: {}
[40.392624] (-) TimerEvent: {}
[40.492973] (-) TimerEvent: {}
[40.593270] (-) TimerEvent: {}
[40.693608] (-) TimerEvent: {}
[40.793923] (-) TimerEvent: {}
[40.894227] (-) TimerEvent: {}
[40.994531] (-) TimerEvent: {}
[41.094831] (-) TimerEvent: {}
[41.195137] (-) TimerEvent: {}
[41.295458] (-) TimerEvent: {}
[41.395764] (-) TimerEvent: {}
[41.496096] (-) TimerEvent: {}
[41.596406] (-) TimerEvent: {}
[41.696750] (-) TimerEvent: {}
[41.797056] (-) TimerEvent: {}
[41.897376] (-) TimerEvent: {}
[41.997705] (-) TimerEvent: {}
[42.023398] (yolo_msgs) StdoutLine: {'line': b'[ 85%] Built target yolo_msgs__py\n'}
[42.052676] (yolo_msgs) StdoutLine: {'line': b'[ 86%] \x1b[32mBuilding C object CMakeFiles/yolo_msgs__rosidl_generator_py.dir/rosidl_generator_py/yolo_msgs/msg/_point2_d_s.c.o\x1b[0m\n'}
[42.097820] (-) TimerEvent: {}
[42.198138] (-) TimerEvent: {}
[42.298447] (-) TimerEvent: {}
[42.398769] (-) TimerEvent: {}
[42.499097] (-) TimerEvent: {}
[42.599379] (-) TimerEvent: {}
[42.699688] (-) TimerEvent: {}
[42.799984] (-) TimerEvent: {}
[42.900289] (-) TimerEvent: {}
[43.000630] (-) TimerEvent: {}
[43.100938] (-) TimerEvent: {}
[43.201237] (-) TimerEvent: {}
[43.301625] (-) TimerEvent: {}
[43.402046] (-) TimerEvent: {}
[43.502426] (-) TimerEvent: {}
[43.602818] (-) TimerEvent: {}
[43.703210] (-) TimerEvent: {}
[43.803617] (-) TimerEvent: {}
[43.904034] (-) TimerEvent: {}
[44.004495] (-) TimerEvent: {}
[44.104872] (-) TimerEvent: {}
[44.205369] (-) TimerEvent: {}
[44.305755] (-) TimerEvent: {}
[44.406120] (-) TimerEvent: {}
[44.506533] (-) TimerEvent: {}
[44.606882] (-) TimerEvent: {}
[44.707266] (-) TimerEvent: {}
[44.807645] (-) TimerEvent: {}
[44.908036] (-) TimerEvent: {}
[45.008407] (-) TimerEvent: {}
[45.108736] (-) TimerEvent: {}
[45.209038] (-) TimerEvent: {}
[45.309412] (-) TimerEvent: {}
[45.409874] (-) TimerEvent: {}
[45.510331] (-) TimerEvent: {}
[45.610737] (-) TimerEvent: {}
[45.711161] (-) TimerEvent: {}
[45.770757] (yolo_msgs) StdoutLine: {'line': b'[ 87%] \x1b[32mBuilding C object CMakeFiles/yolo_msgs__rosidl_generator_py.dir/rosidl_generator_py/yolo_msgs/msg/_key_point2_d_array_s.c.o\x1b[0m\n'}
[45.811294] (-) TimerEvent: {}
[45.912495] (-) TimerEvent: {}
[45.961548] (yolo_msgs) StdoutLine: {'line': b'[ 88%] \x1b[32mBuilding C object CMakeFiles/yolo_msgs__rosidl_generator_py.dir/rosidl_generator_py/yolo_msgs/msg/_key_point3_d_s.c.o\x1b[0m\n'}
[46.012629] (-) TimerEvent: {}
[46.085487] (yolo_msgs) StdoutLine: {'line': b'[ 89%] \x1b[32mBuilding C object CMakeFiles/yolo_msgs__rosidl_generator_py.dir/rosidl_generator_py/yolo_msgs/msg/_key_point3_d_array_s.c.o\x1b[0m\n'}
[46.112765] (-) TimerEvent: {}
[46.214706] (-) TimerEvent: {}
[46.240871] (yolo_msgs) StdoutLine: {'line': b'[ 90%] \x1b[32mBuilding C object CMakeFiles/yolo_msgs__rosidl_generator_py.dir/rosidl_generator_py/yolo_msgs/msg/_detection_s.c.o\x1b[0m\n'}
[46.314835] (-) TimerEvent: {}
[46.380094] (yolo_msgs) StdoutLine: {'line': b'[ 90%] \x1b[32mBuilding C object CMakeFiles/yolo_msgs__rosidl_generator_py.dir/rosidl_generator_py/yolo_msgs/msg/_detection_array_s.c.o\x1b[0m\n'}
[46.414962] (-) TimerEvent: {}
[46.515371] (-) TimerEvent: {}
[46.517996] (yolo_msgs) StdoutLine: {'line': b'[ 91%] \x1b[32mBuilding C object CMakeFiles/yolo_msgs__rosidl_generator_py.dir/rosidl_generator_py/yolo_msgs/srv/_set_classes_s.c.o\x1b[0m\n'}
[46.615503] (-) TimerEvent: {}
[46.652095] (yolo_msgs) StdoutLine: {'line': b'[ 91%] \x1b[32mBuilding C object CMakeFiles/yolo_msgs__rosidl_generator_py.dir/rosidl_generator_py/yolo_msgs/msg/_key_point2_d_s.c.o\x1b[0m\n'}
[46.715641] (-) TimerEvent: {}
[46.770064] (yolo_msgs) StdoutLine: {'line': b'[ 92%] \x1b[32mBuilding C object CMakeFiles/yolo_msgs__rosidl_generator_py.dir/rosidl_generator_py/yolo_msgs/msg/_mask_s.c.o\x1b[0m\n'}
[46.815774] (-) TimerEvent: {}
[46.894590] (yolo_msgs) StdoutLine: {'line': b'[ 93%] \x1b[32mBuilding C object CMakeFiles/yolo_msgs__rosidl_generator_py.dir/rosidl_generator_py/yolo_msgs/msg/_bounding_box3_d_s.c.o\x1b[0m\n'}
[46.915911] (-) TimerEvent: {}
[47.016881] (-) TimerEvent: {}
[47.026580] (yolo_msgs) StdoutLine: {'line': b'[ 94%] \x1b[32mBuilding C object CMakeFiles/yolo_msgs__rosidl_generator_py.dir/rosidl_generator_py/yolo_msgs/msg/_bounding_box2_d_s.c.o\x1b[0m\n'}
[47.117011] (-) TimerEvent: {}
[47.158550] (yolo_msgs) StdoutLine: {'line': b'[ 95%] \x1b[32mBuilding C object CMakeFiles/yolo_msgs__rosidl_generator_py.dir/rosidl_generator_py/yolo_msgs/msg/_pose2_d_s.c.o\x1b[0m\n'}
[47.217117] (-) TimerEvent: {}
[47.273273] (yolo_msgs) StdoutLine: {'line': b'[ 95%] \x1b[32mBuilding C object CMakeFiles/yolo_msgs__rosidl_generator_py.dir/rosidl_generator_py/yolo_msgs/msg/_vector2_s.c.o\x1b[0m\n'}
[47.317476] (-) TimerEvent: {}
[47.394832] (yolo_msgs) StdoutLine: {'line': b'[ 96%] \x1b[32m\x1b[1mLinking C shared library rosidl_generator_py/yolo_msgs/libyolo_msgs__rosidl_generator_py.so\x1b[0m\n'}
[47.417618] (-) TimerEvent: {}
[47.464866] (yolo_msgs) StdoutLine: {'line': b'[ 96%] Built target yolo_msgs__rosidl_generator_py\n'}
[47.486342] (yolo_msgs) StdoutLine: {'line': b'[ 97%] \x1b[32mBuilding C object CMakeFiles/yolo_msgs__rosidl_typesupport_fastrtps_c__pyext.dir/rosidl_generator_py/yolo_msgs/_yolo_msgs_s.ep.rosidl_typesupport_fastrtps_c.c.o\x1b[0m\n'}
[47.517751] (-) TimerEvent: {}
[47.618136] (-) TimerEvent: {}
[47.680375] (yolo_msgs) StdoutLine: {'line': b'[ 97%] \x1b[32m\x1b[1mLinking C shared library rosidl_generator_py/yolo_msgs/yolo_msgs_s__rosidl_typesupport_fastrtps_c.cpython-310-x86_64-linux-gnu.so\x1b[0m\n'}
[47.718259] (-) TimerEvent: {}
[47.737595] (yolo_msgs) StdoutLine: {'line': b'[ 97%] Built target yolo_msgs__rosidl_typesupport_fastrtps_c__pyext\n'}
[47.765974] (yolo_msgs) StdoutLine: {'line': b'[ 98%] \x1b[32mBuilding C object CMakeFiles/yolo_msgs__rosidl_typesupport_c__pyext.dir/rosidl_generator_py/yolo_msgs/_yolo_msgs_s.ep.rosidl_typesupport_c.c.o\x1b[0m\n'}
[47.818391] (-) TimerEvent: {}
[47.919857] (-) TimerEvent: {}
[47.940635] (yolo_msgs) StdoutLine: {'line': b'[ 98%] \x1b[32m\x1b[1mLinking C shared library rosidl_generator_py/yolo_msgs/yolo_msgs_s__rosidl_typesupport_c.cpython-310-x86_64-linux-gnu.so\x1b[0m\n'}
[47.991335] (yolo_msgs) StdoutLine: {'line': b'[ 98%] Built target yolo_msgs__rosidl_typesupport_c__pyext\n'}
[48.019994] (-) TimerEvent: {}
[48.031079] (yolo_msgs) StdoutLine: {'line': b'[ 99%] \x1b[32mBuilding C object CMakeFiles/yolo_msgs__rosidl_typesupport_introspection_c__pyext.dir/rosidl_generator_py/yolo_msgs/_yolo_msgs_s.ep.rosidl_typesupport_introspection_c.c.o\x1b[0m\n'}
[48.120126] (-) TimerEvent: {}
[48.196430] (yolo_msgs) StdoutLine: {'line': b'[100%] \x1b[32m\x1b[1mLinking C shared library rosidl_generator_py/yolo_msgs/yolo_msgs_s__rosidl_typesupport_introspection_c.cpython-310-x86_64-linux-gnu.so\x1b[0m\n'}
[48.221930] (-) TimerEvent: {}
[48.258215] (yolo_msgs) StdoutLine: {'line': b'[100%] Built target yolo_msgs__rosidl_typesupport_introspection_c__pyext\n'}
[48.270098] (yolo_msgs) CommandEnded: {'returncode': 0}
[48.270995] (yolo_msgs) JobProgress: {'identifier': 'yolo_msgs', 'progress': 'install'}
[48.280060] (yolo_msgs) Command: {'cmd': ['/usr/bin/cmake', '--install', '/home/user/ros2_ws/build/yolo_msgs'], 'cwd': '/home/user/ros2_ws/build/yolo_msgs', 'env': OrderedDict([('ROS_VERSION', '2'), ('NVIDIA_VISIBLE_DEVICES', 'all'), ('GAZEBO_MASTER_URI', 'http://3_xterm:11345'), ('ROS_PYTHON_VERSION', '3'), ('HOSTNAME', '3_xterm'), ('ROBOT_HOSTNAME', ''), ('PWD', '/home/user/ros2_ws/build/yolo_msgs'), ('PORT', '4000'), ('NVIDIA_DRIVER_CAPABILITIES', 'all'), ('ROS_IP', ''), ('HOME', '/home/user'), ('GAZEBO_PLUGIN_PATH', '/usr/lib/x86_64-linux-gnu/gazebo-11/plugins:/usr/lib/x86_64-linux-gnu/gazebo-11/plugins:'), ('LANG', 'en_US.UTF-8'), ('GAZEBO_MODEL_DATABASE_URI', 'http://models.gazebosim.org'), ('LS_COLORS', 'rs=0:di=01;34:ln=01;36:mh=00:pi=40;33:so=01;35:do=01;35:bd=40;33;01:cd=40;33;01:or=40;31;01:mi=00:su=37;41:sg=30;43:ca=30;41:tw=30;42:ow=34;42:st=37;44:ex=01;32:*.tar=01;31:*.tgz=01;31:*.arc=01;31:*.arj=01;31:*.taz=01;31:*.lha=01;31:*.lz4=01;31:*.lzh=01;31:*.lzma=01;31:*.tlz=01;31:*.txz=01;31:*.tzo=01;31:*.t7z=01;31:*.zip=01;31:*.z=01;31:*.dz=01;31:*.gz=01;31:*.lrz=01;31:*.lz=01;31:*.lzo=01;31:*.xz=01;31:*.zst=01;31:*.tzst=01;31:*.bz2=01;31:*.bz=01;31:*.tbz=01;31:*.tbz2=01;31:*.tz=01;31:*.deb=01;31:*.rpm=01;31:*.jar=01;31:*.war=01;31:*.ear=01;31:*.sar=01;31:*.rar=01;31:*.alz=01;31:*.ace=01;31:*.zoo=01;31:*.cpio=01;31:*.7z=01;31:*.rz=01;31:*.cab=01;31:*.wim=01;31:*.swm=01;31:*.dwm=01;31:*.esd=01;31:*.jpg=01;35:*.jpeg=01;35:*.mjpg=01;35:*.mjpeg=01;35:*.gif=01;35:*.bmp=01;35:*.pbm=01;35:*.pgm=01;35:*.ppm=01;35:*.tga=01;35:*.xbm=01;35:*.xpm=01;35:*.tif=01;35:*.tiff=01;35:*.png=01;35:*.svg=01;35:*.svgz=01;35:*.mng=01;35:*.pcx=01;35:*.mov=01;35:*.mpg=01;35:*.mpeg=01;35:*.m2v=01;35:*.mkv=01;35:*.webm=01;35:*.webp=01;35:*.ogm=01;35:*.mp4=01;35:*.m4v=01;35:*.mp4v=01;35:*.vob=01;35:*.qt=01;35:*.nuv=01;35:*.wmv=01;35:*.asf=01;35:*.rm=01;35:*.rmvb=01;35:*.flc=01;35:*.avi=01;35:*.fli=01;35:*.flv=01;35:*.gl=01;35:*.dl=01;35:*.xcf=01;35:*.xwd=01;35:*.yuv=01;35:*.cgm=01;35:*.emf=01;35:*.ogv=01;35:*.ogx=01;35:*.aac=00;36:*.au=00;36:*.flac=00;36:*.m4a=00;36:*.mid=00;36:*.midi=00;36:*.mka=00;36:*.mp3=00;36:*.mpc=00;36:*.ogg=00;36:*.ra=00;36:*.wav=00;36:*.oga=00;36:*.opus=00;36:*.spx=00;36:*.xspf=00;36:'), ('AMENT_PREFIX_PATH', '/home/user/ros2_ws/install/deepmind_bot_trajectory_sender:/home/user/ros2_ws/install/deepmind_bot_navigation:/home/user/ros2_ws/install/deepmind_bot_gazebo:/home/user/ros2_ws/install/deepmind_bot_description:/home/user/ros2_ws/install/custom_msgs:/home/user/ros2_ws/install/advanced_perception:/opt/ros/humble'), ('CMAKE_PREFIX_PATH', '/home/user/ros2_ws/install/deepmind_bot_trajectory_sender:/home/user/ros2_ws/install/deepmind_bot_navigation:/home/user/ros2_ws/install/deepmind_bot_gazebo:/home/user/ros2_ws/install/deepmind_bot_description:/home/user/ros2_ws/install/custom_msgs:/home/user/ros2_ws/install/advanced_perception:/opt/ros/humble'), ('GAZEBO_RESOURCE_PATH', '/usr/share/gazebo-11:/usr/share/gazebo-11:/usr/share/gazebo'), ('COLCON_PREFIX_PATH', '/home/simulations/ros2_sims_ws/install:/home/user/ros2_ws/install'), ('GAZEBO_MASTER_PORT', '11345'), ('NVM_DIR', '/usr/local/share/shell/.nvm'), ('LESSCLOSE', '/usr/bin/lesspipe %s %s'), ('PYTHONPATH', '/home/user/ros2_ws/install/custom_msgs/local/lib/python3.10/dist-packages:/home/user/ros2_ws/install/advanced_perception/lib/python3.10/site-packages:/opt/ros/humble/lib/python3.10/site-packages:/opt/ros/humble/local/lib/python3.10/dist-packages:/home/simulations/public_sim_ws/src/all/ros_basics_examples/python_course_class:/home/simulations/public_sim_ws/src/ros_basics_examples/python_course_class:/home/simulations/public_sim_ws/src/all/kinematics_course_utils/kinematics'), ('COLCON', '1'), ('TERM', 'xterm-color'), ('LESSOPEN', '| /usr/bin/lesspipe %s'), ('SNAPCRAFT_BUILD_ENVIRONMENT', 'host'), ('GAZEBO_MASTER_HOSTNAME', '3_xterm'), ('DISPLAY', ':1'), ('SHLVL', '2'), ('NVM_CD_FLAGS', ''), ('ROS_MASTER_URI', 'http://3_xterm:11311'), ('ROS_HOSTNAME', '3_xterm'), ('LD_LIBRARY_PATH', '/usr/local/cuda-10.2/lib64:/home/user/.catkin_ws_python3/src/TensorRT-7.0.0.11/lib:/home/user/ros2_ws/install/custom_msgs/lib:/opt/ros/humble/opt/rviz_ogre_vendor/lib:/opt/ros/humble/lib/x86_64-linux-gnu:/opt/ros/humble/lib:/usr/local/cuda-10.2/lib64:/home/user/.catkin_ws_python3/src/TensorRT-7.0.0.11/lib::/usr/lib/x86_64-linux-gnu/gazebo-11/plugins::/usr/lib/x86_64-linux-gnu/gazebo-11/plugins:/usr/lib/x86_64-linux-gnu/gazebo-11/plugins:'), ('ROS_LOCALHOST_ONLY', '0'), ('SLOT_SHELL_START_ID', '999794'), ('SLOT_PREFIX', 'fd482a6d-ceb5-43de-9987-811f8262270e'), ('LC_ALL', 'C'), ('SOURCE_ROS1_WS', ''), ('GAZEBO_MODEL_PATH', '/usr/share/gazebo-11/models:/usr/share/gazebo-11/models:/usr/share/gazebo-9/models:/usr/share/gazebo/models_robox'), ('SLOT_JENKINS_PORT', '25593'), ('SLOT_SYSTEMD', 'False'), ('PATH', '/opt/ros/humble/bin:/usr/local/share/shell/.nvm/versions/node/v8.17.0/bin:/usr/local/sbin:/usr/local/bin:/usr/sbin:/usr/bin:/sbin:/bin:/home/user/.cargo/bin:/home/user/.cargo/bin'), ('SELECTED_ROS_DISTRO', 'humble'), ('NVM_BIN', '/usr/local/share/shell/.nvm/versions/node/v8.17.0/bin'), ('NODE_VERSION', 'v8.17.0'), ('DEBIAN_FRONTEND', 'noninteractive'), ('ROS_DISTRO', 'humble'), ('GAZEBO_VERBOSE', '0'), ('OGRE_RESOURCE_PATH', '/usr/lib/x86_64-linux-gnu/OGRE-1.9.0'), ('OLDPWD', '/home/user/ros2_ws/src'), ('SOURCE_ROS2_WS', 'True'), ('SLOT_ROSBRIDGE_PORT', '20003'), ('_', '/usr/bin/env')]), 'shell': False}
[48.288134] (yolo_msgs) StdoutLine: {'line': b'-- Install configuration: ""\n'}
[48.288416] (yolo_msgs) StdoutLine: {'line': b'-- Installing: /home/user/ros2_ws/install/yolo_msgs/share/ament_index/resource_index/rosidl_interfaces/yolo_msgs\n'}
[48.288676] (yolo_msgs) StdoutLine: {'line': b'-- Installing: /home/user/ros2_ws/install/yolo_msgs/include/yolo_msgs/yolo_msgs\n'}
[48.288889] (yolo_msgs) StdoutLine: {'line': b'-- Installing: /home/user/ros2_ws/install/yolo_msgs/include/yolo_msgs/yolo_msgs/srv\n'}
[48.289031] (yolo_msgs) StdoutLine: {'line': b'-- Installing: /home/user/ros2_ws/install/yolo_msgs/include/yolo_msgs/yolo_msgs/srv/detail\n'}
[48.289124] (yolo_msgs) StdoutLine: {'line': b'-- Installing: /home/user/ros2_ws/install/yolo_msgs/include/yolo_msgs/yolo_msgs/srv/detail/set_classes__type_support.h\n'}
[48.289213] (yolo_msgs) StdoutLine: {'line': b'-- Installing: /home/user/ros2_ws/install/yolo_msgs/include/yolo_msgs/yolo_msgs/srv/detail/set_classes__functions.c\n'}
[48.289325] (yolo_msgs) StdoutLine: {'line': b'-- Installing: /home/user/ros2_ws/install/yolo_msgs/include/yolo_msgs/yolo_msgs/srv/detail/set_classes__functions.h\n'}
[48.289539] (yolo_msgs) StdoutLine: {'line': b'-- Installing: /home/user/ros2_ws/install/yolo_msgs/include/yolo_msgs/yolo_msgs/srv/detail/set_classes__struct.h\n'}
[48.289670] (yolo_msgs) StdoutLine: {'line': b'-- Installing: /home/user/ros2_ws/install/yolo_msgs/include/yolo_msgs/yolo_msgs/srv/set_classes.h\n'}
[48.289952] (yolo_msgs) StdoutLine: {'line': b'-- Installing: /home/user/ros2_ws/install/yolo_msgs/include/yolo_msgs/yolo_msgs/msg\n'}
[48.290152] (yolo_msgs) StdoutLine: {'line': b'-- Installing: /home/user/ros2_ws/install/yolo_msgs/include/yolo_msgs/yolo_msgs/msg/detail\n'}
[48.290271] (yolo_msgs) StdoutLine: {'line': b'-- Installing: /home/user/ros2_ws/install/yolo_msgs/include/yolo_msgs/yolo_msgs/msg/detail/point2_d__functions.c\n'}
[48.290359] (yolo_msgs) StdoutLine: {'line': b'-- Installing: /home/user/ros2_ws/install/yolo_msgs/include/yolo_msgs/yolo_msgs/msg/detail/key_point3_d__type_support.h\n'}
[48.290498] (yolo_msgs) StdoutLine: {'line': b'-- Installing: /home/user/ros2_ws/install/yolo_msgs/include/yolo_msgs/yolo_msgs/msg/detail/bounding_box3_d__functions.h\n'}
[48.290585] (yolo_msgs) StdoutLine: {'line': b'-- Installing: /home/user/ros2_ws/install/yolo_msgs/include/yolo_msgs/yolo_msgs/msg/detail/detection_array__functions.h\n'}
[48.290709] (yolo_msgs) StdoutLine: {'line': b'-- Installing: /home/user/ros2_ws/install/yolo_msgs/include/yolo_msgs/yolo_msgs/msg/detail/key_point2_d_array__functions.c\n'}
[48.290802] (yolo_msgs) StdoutLine: {'line': b'-- Installing: /home/user/ros2_ws/install/yolo_msgs/include/yolo_msgs/yolo_msgs/msg/detail/detection_array__type_support.h\n'}
[48.290978] (yolo_msgs) StdoutLine: {'line': b'-- Installing: /home/user/ros2_ws/install/yolo_msgs/include/yolo_msgs/yolo_msgs/msg/detail/key_point2_d_array__struct.h\n'}
[48.291131] (yolo_msgs) StdoutLine: {'line': b'-- Installing: /home/user/ros2_ws/install/yolo_msgs/include/yolo_msgs/yolo_msgs/msg/detail/key_point3_d_array__struct.h\n'}
[48.291246] (yolo_msgs) StdoutLine: {'line': b'-- Installing: /home/user/ros2_ws/install/yolo_msgs/include/yolo_msgs/yolo_msgs/msg/detail/key_point3_d__functions.c\n'}
[48.291315] (yolo_msgs) StdoutLine: {'line': b'-- Installing: /home/user/ros2_ws/install/yolo_msgs/include/yolo_msgs/yolo_msgs/msg/detail/key_point2_d_array__functions.h\n'}
[48.291409] (yolo_msgs) StdoutLine: {'line': b'-- Installing: /home/user/ros2_ws/install/yolo_msgs/include/yolo_msgs/yolo_msgs/msg/detail/pose2_d__functions.h\n'}
[48.291559] (yolo_msgs) StdoutLine: {'line': b'-- Installing: /home/user/ros2_ws/install/yolo_msgs/include/yolo_msgs/yolo_msgs/msg/detail/detection__functions.c\n'}
[48.291751] (yolo_msgs) StdoutLine: {'line': b'-- Installing: /home/user/ros2_ws/install/yolo_msgs/include/yolo_msgs/yolo_msgs/msg/detail/bounding_box3_d__functions.c\n'}
[48.291953] (yolo_msgs) StdoutLine: {'line': b'-- Installing: /home/user/ros2_ws/install/yolo_msgs/include/yolo_msgs/yolo_msgs/msg/detail/key_point2_d__type_support.h\n'}
[48.292108] (yolo_msgs) StdoutLine: {'line': b'-- Installing: /home/user/ros2_ws/install/yolo_msgs/include/yolo_msgs/yolo_msgs/msg/detail/mask__functions.c\n'}
[48.292261] (yolo_msgs) StdoutLine: {'line': b'-- Installing: /home/user/ros2_ws/install/yolo_msgs/include/yolo_msgs/yolo_msgs/msg/detail/mask__functions.h\n'}
[48.292357] (yolo_msgs) StdoutLine: {'line': b'-- Installing: /home/user/ros2_ws/install/yolo_msgs/include/yolo_msgs/yolo_msgs/msg/detail/vector2__type_support.h\n'}
[48.292470] (yolo_msgs) StdoutLine: {'line': b'-- Installing: /home/user/ros2_ws/install/yolo_msgs/include/yolo_msgs/yolo_msgs/msg/detail/detection_array__struct.h\n'}
[48.292580] (yolo_msgs) StdoutLine: {'line': b'-- Installing: /home/user/ros2_ws/install/yolo_msgs/include/yolo_msgs/yolo_msgs/msg/detail/key_point3_d_array__functions.c\n'}
[48.292673] (yolo_msgs) StdoutLine: {'line': b'-- Installing: /home/user/ros2_ws/install/yolo_msgs/include/yolo_msgs/yolo_msgs/msg/detail/bounding_box2_d__struct.h\n'}
[48.292757] (yolo_msgs) StdoutLine: {'line': b'-- Installing: /home/user/ros2_ws/install/yolo_msgs/include/yolo_msgs/yolo_msgs/msg/detail/pose2_d__struct.h\n'}
[48.292855] (yolo_msgs) StdoutLine: {'line': b'-- Installing: /home/user/ros2_ws/install/yolo_msgs/include/yolo_msgs/yolo_msgs/msg/detail/point2_d__type_support.h\n'}
[48.292971] (yolo_msgs) StdoutLine: {'line': b'-- Installing: /home/user/ros2_ws/install/yolo_msgs/include/yolo_msgs/yolo_msgs/msg/detail/mask__type_support.h\n'}
[48.293085] (yolo_msgs) StdoutLine: {'line': b'-- Installing: /home/user/ros2_ws/install/yolo_msgs/include/yolo_msgs/yolo_msgs/msg/detail/key_point3_d__functions.h\n'}
[48.293210] (yolo_msgs) StdoutLine: {'line': b'-- Installing: /home/user/ros2_ws/install/yolo_msgs/include/yolo_msgs/yolo_msgs/msg/detail/key_point2_d_array__type_support.h\n'}
[48.293358] (yolo_msgs) StdoutLine: {'line': b'-- Installing: /home/user/ros2_ws/install/yolo_msgs/include/yolo_msgs/yolo_msgs/msg/detail/mask__struct.h\n'}
[48.293468] (yolo_msgs) StdoutLine: {'line': b'-- Installing: /home/user/ros2_ws/install/yolo_msgs/include/yolo_msgs/yolo_msgs/msg/detail/detection_array__functions.c\n'}
[48.293590] (yolo_msgs) StdoutLine: {'line': b'-- Installing: /home/user/ros2_ws/install/yolo_msgs/include/yolo_msgs/yolo_msgs/msg/detail/bounding_box2_d__functions.c\n'}
[48.293722] (yolo_msgs) StdoutLine: {'line': b'-- Installing: /home/user/ros2_ws/install/yolo_msgs/include/yolo_msgs/yolo_msgs/msg/detail/key_point2_d__struct.h\n'}
[48.293838] (yolo_msgs) StdoutLine: {'line': b'-- Installing: /home/user/ros2_ws/install/yolo_msgs/include/yolo_msgs/yolo_msgs/msg/detail/detection__functions.h\n'}
[48.293968] (yolo_msgs) StdoutLine: {'line': b'-- Installing: /home/user/ros2_ws/install/yolo_msgs/include/yolo_msgs/yolo_msgs/msg/detail/vector2__struct.h\n'}
[48.294084] (yolo_msgs) StdoutLine: {'line': b'-- Installing: /home/user/ros2_ws/install/yolo_msgs/include/yolo_msgs/yolo_msgs/msg/detail/pose2_d__type_support.h\n'}
[48.294200] (yolo_msgs) StdoutLine: {'line': b'-- Installing: /home/user/ros2_ws/install/yolo_msgs/include/yolo_msgs/yolo_msgs/msg/detail/bounding_box2_d__functions.h\n'}
[48.294322] (yolo_msgs) StdoutLine: {'line': b'-- Installing: /home/user/ros2_ws/install/yolo_msgs/include/yolo_msgs/yolo_msgs/msg/detail/detection__struct.h\n'}
[48.294440] (yolo_msgs) StdoutLine: {'line': b'-- Installing: /home/user/ros2_ws/install/yolo_msgs/include/yolo_msgs/yolo_msgs/msg/detail/bounding_box3_d__struct.h\n'}
[48.294557] (yolo_msgs) StdoutLine: {'line': b'-- Installing: /home/user/ros2_ws/install/yolo_msgs/include/yolo_msgs/yolo_msgs/msg/detail/detection__type_support.h\n'}
[48.294673] (yolo_msgs) StdoutLine: {'line': b'-- Installing: /home/user/ros2_ws/install/yolo_msgs/include/yolo_msgs/yolo_msgs/msg/detail/bounding_box2_d__type_support.h\n'}
[48.294799] (yolo_msgs) StdoutLine: {'line': b'-- Installing: /home/user/ros2_ws/install/yolo_msgs/include/yolo_msgs/yolo_msgs/msg/detail/point2_d__functions.h\n'}
[48.294933] (yolo_msgs) StdoutLine: {'line': b'-- Installing: /home/user/ros2_ws/install/yolo_msgs/include/yolo_msgs/yolo_msgs/msg/detail/key_point3_d__struct.h\n'}
[48.295049] (yolo_msgs) StdoutLine: {'line': b'-- Installing: /home/user/ros2_ws/install/yolo_msgs/include/yolo_msgs/yolo_msgs/msg/detail/key_point3_d_array__functions.h\n'}
[48.295171] (yolo_msgs) StdoutLine: {'line': b'-- Installing: /home/user/ros2_ws/install/yolo_msgs/include/yolo_msgs/yolo_msgs/msg/detail/key_point2_d__functions.h\n'}
[48.295293] (yolo_msgs) StdoutLine: {'line': b'-- Installing: /home/user/ros2_ws/install/yolo_msgs/include/yolo_msgs/yolo_msgs/msg/detail/pose2_d__functions.c\n'}
[48.295412] (yolo_msgs) StdoutLine: {'line': b'-- Installing: /home/user/ros2_ws/install/yolo_msgs/include/yolo_msgs/yolo_msgs/msg/detail/key_point2_d__functions.c\n'}
[48.295536] (yolo_msgs) StdoutLine: {'line': b'-- Installing: /home/user/ros2_ws/install/yolo_msgs/include/yolo_msgs/yolo_msgs/msg/detail/vector2__functions.c\n'}
[48.295658] (yolo_msgs) StdoutLine: {'line': b'-- Installing: /home/user/ros2_ws/install/yolo_msgs/include/yolo_msgs/yolo_msgs/msg/detail/key_point3_d_array__type_support.h\n'}
[48.295775] (yolo_msgs) StdoutLine: {'line': b'-- Installing: /home/user/ros2_ws/install/yolo_msgs/include/yolo_msgs/yolo_msgs/msg/detail/point2_d__struct.h\n'}
[48.295895] (yolo_msgs) StdoutLine: {'line': b'-- Installing: /home/user/ros2_ws/install/yolo_msgs/include/yolo_msgs/yolo_msgs/msg/detail/vector2__functions.h\n'}
[48.296008] (yolo_msgs) StdoutLine: {'line': b'-- Installing: /home/user/ros2_ws/install/yolo_msgs/include/yolo_msgs/yolo_msgs/msg/detail/bounding_box3_d__type_support.h\n'}
[48.296406] (yolo_msgs) StdoutLine: {'line': b'-- Installing: /home/user/ros2_ws/install/yolo_msgs/include/yolo_msgs/yolo_msgs/msg/rosidl_generator_c__visibility_control.h\n'}
[48.296481] (yolo_msgs) StdoutLine: {'line': b'-- Installing: /home/user/ros2_ws/install/yolo_msgs/include/yolo_msgs/yolo_msgs/msg/mask.h\n'}
[48.296565] (yolo_msgs) StdoutLine: {'line': b'-- Installing: /home/user/ros2_ws/install/yolo_msgs/include/yolo_msgs/yolo_msgs/msg/pose2_d.h\n'}
[48.296712] (yolo_msgs) StdoutLine: {'line': b'-- Installing: /home/user/ros2_ws/install/yolo_msgs/include/yolo_msgs/yolo_msgs/msg/key_point3_d_array.h\n'}
[48.296774] (yolo_msgs) StdoutLine: {'line': b'-- Installing: /home/user/ros2_ws/install/yolo_msgs/include/yolo_msgs/yolo_msgs/msg/key_point2_d.h\n'}
[48.296867] (yolo_msgs) StdoutLine: {'line': b'-- Installing: /home/user/ros2_ws/install/yolo_msgs/include/yolo_msgs/yolo_msgs/msg/vector2.h\n'}
[48.296937] (yolo_msgs) StdoutLine: {'line': b'-- Installing: /home/user/ros2_ws/install/yolo_msgs/include/yolo_msgs/yolo_msgs/msg/point2_d.h\n'}
[48.297032] (yolo_msgs) StdoutLine: {'line': b'-- Installing: /home/user/ros2_ws/install/yolo_msgs/include/yolo_msgs/yolo_msgs/msg/detection.h\n'}
[48.297091] (yolo_msgs) StdoutLine: {'line': b'-- Installing: /home/user/ros2_ws/install/yolo_msgs/include/yolo_msgs/yolo_msgs/msg/detection_array.h\n'}
[48.297184] (yolo_msgs) StdoutLine: {'line': b'-- Installing: /home/user/ros2_ws/install/yolo_msgs/include/yolo_msgs/yolo_msgs/msg/key_point2_d_array.h\n'}
[48.297268] (yolo_msgs) StdoutLine: {'line': b'-- Installing: /home/user/ros2_ws/install/yolo_msgs/include/yolo_msgs/yolo_msgs/msg/key_point3_d.h\n'}
[48.297396] (yolo_msgs) StdoutLine: {'line': b'-- Installing: /home/user/ros2_ws/install/yolo_msgs/include/yolo_msgs/yolo_msgs/msg/bounding_box2_d.h\n'}
[48.297506] (yolo_msgs) StdoutLine: {'line': b'-- Installing: /home/user/ros2_ws/install/yolo_msgs/include/yolo_msgs/yolo_msgs/msg/bounding_box3_d.h\n'}
[48.297709] (yolo_msgs) StdoutLine: {'line': b'-- Installing: /home/user/ros2_ws/install/yolo_msgs/share/yolo_msgs/environment/library_path.sh\n'}
[48.297860] (yolo_msgs) StdoutLine: {'line': b'-- Installing: /home/user/ros2_ws/install/yolo_msgs/share/yolo_msgs/environment/library_path.dsv\n'}
[48.298058] (yolo_msgs) StdoutLine: {'line': b'-- Installing: /home/user/ros2_ws/install/yolo_msgs/lib/libyolo_msgs__rosidl_generator_c.so\n'}
[48.298515] (yolo_msgs) StdoutLine: {'line': b'-- Set runtime path of "/home/user/ros2_ws/install/yolo_msgs/lib/libyolo_msgs__rosidl_generator_c.so" to ""\n'}
[48.298606] (yolo_msgs) StdoutLine: {'line': b'-- Up-to-date: /home/user/ros2_ws/install/yolo_msgs/include/yolo_msgs/yolo_msgs\n'}
[48.298728] (yolo_msgs) StdoutLine: {'line': b'-- Up-to-date: /home/user/ros2_ws/install/yolo_msgs/include/yolo_msgs/yolo_msgs/srv\n'}
[48.298789] (yolo_msgs) StdoutLine: {'line': b'-- Up-to-date: /home/user/ros2_ws/install/yolo_msgs/include/yolo_msgs/yolo_msgs/srv/detail\n'}
[48.298894] (yolo_msgs) StdoutLine: {'line': b'-- Installing: /home/user/ros2_ws/install/yolo_msgs/include/yolo_msgs/yolo_msgs/srv/detail/set_classes__rosidl_typesupport_fastrtps_c.h\n'}
[48.298984] (yolo_msgs) StdoutLine: {'line': b'-- Up-to-date: /home/user/ros2_ws/install/yolo_msgs/include/yolo_msgs/yolo_msgs/msg\n'}
[48.299074] (yolo_msgs) StdoutLine: {'line': b'-- Up-to-date: /home/user/ros2_ws/install/yolo_msgs/include/yolo_msgs/yolo_msgs/msg/detail\n'}
[48.299136] (yolo_msgs) StdoutLine: {'line': b'-- Installing: /home/user/ros2_ws/install/yolo_msgs/include/yolo_msgs/yolo_msgs/msg/detail/mask__rosidl_typesupport_fastrtps_c.h\n'}
[48.299224] (yolo_msgs) StdoutLine: {'line': b'-- Installing: /home/user/ros2_ws/install/yolo_msgs/include/yolo_msgs/yolo_msgs/msg/detail/point2_d__rosidl_typesupport_fastrtps_c.h\n'}
[48.299326] (yolo_msgs) StdoutLine: {'line': b'-- Installing: /home/user/ros2_ws/install/yolo_msgs/include/yolo_msgs/yolo_msgs/msg/detail/detection__rosidl_typesupport_fastrtps_c.h\n'}
[48.299391] (yolo_msgs) StdoutLine: {'line': b'-- Installing: /home/user/ros2_ws/install/yolo_msgs/include/yolo_msgs/yolo_msgs/msg/detail/key_point3_d_array__rosidl_typesupport_fastrtps_c.h\n'}
[48.299479] (yolo_msgs) StdoutLine: {'line': b'-- Installing: /home/user/ros2_ws/install/yolo_msgs/include/yolo_msgs/yolo_msgs/msg/detail/detection_array__rosidl_typesupport_fastrtps_c.h\n'}
[48.299566] (yolo_msgs) StdoutLine: {'line': b'-- Installing: /home/user/ros2_ws/install/yolo_msgs/include/yolo_msgs/yolo_msgs/msg/detail/key_point3_d__rosidl_typesupport_fastrtps_c.h\n'}
[48.299716] (yolo_msgs) StdoutLine: {'line': b'-- Installing: /home/user/ros2_ws/install/yolo_msgs/include/yolo_msgs/yolo_msgs/msg/detail/key_point2_d__rosidl_typesupport_fastrtps_c.h\n'}
[48.299804] (yolo_msgs) StdoutLine: {'line': b'-- Installing: /home/user/ros2_ws/install/yolo_msgs/include/yolo_msgs/yolo_msgs/msg/detail/pose2_d__rosidl_typesupport_fastrtps_c.h\n'}
[48.299900] (yolo_msgs) StdoutLine: {'line': b'-- Installing: /home/user/ros2_ws/install/yolo_msgs/include/yolo_msgs/yolo_msgs/msg/detail/bounding_box3_d__rosidl_typesupport_fastrtps_c.h\n'}
[48.300006] (yolo_msgs) StdoutLine: {'line': b'-- Installing: /home/user/ros2_ws/install/yolo_msgs/include/yolo_msgs/yolo_msgs/msg/detail/key_point2_d_array__rosidl_typesupport_fastrtps_c.h\n'}
[48.300124] (yolo_msgs) StdoutLine: {'line': b'-- Installing: /home/user/ros2_ws/install/yolo_msgs/include/yolo_msgs/yolo_msgs/msg/detail/vector2__rosidl_typesupport_fastrtps_c.h\n'}
[48.300245] (yolo_msgs) StdoutLine: {'line': b'-- Installing: /home/user/ros2_ws/install/yolo_msgs/include/yolo_msgs/yolo_msgs/msg/detail/bounding_box2_d__rosidl_typesupport_fastrtps_c.h\n'}
[48.300364] (yolo_msgs) StdoutLine: {'line': b'-- Installing: /home/user/ros2_ws/install/yolo_msgs/include/yolo_msgs/yolo_msgs/msg/rosidl_typesupport_fastrtps_c__visibility_control.h\n'}
[48.300547] (yolo_msgs) StdoutLine: {'line': b'-- Installing: /home/user/ros2_ws/install/yolo_msgs/lib/libyolo_msgs__rosidl_typesupport_fastrtps_c.so\n'}
[48.301019] (yolo_msgs) StdoutLine: {'line': b'-- Set runtime path of "/home/user/ros2_ws/install/yolo_msgs/lib/libyolo_msgs__rosidl_typesupport_fastrtps_c.so" to ""\n'}
[48.301285] (yolo_msgs) StdoutLine: {'line': b'-- Up-to-date: /home/user/ros2_ws/install/yolo_msgs/include/yolo_msgs/yolo_msgs\n'}
[48.301414] (yolo_msgs) StdoutLine: {'line': b'-- Up-to-date: /home/user/ros2_ws/install/yolo_msgs/include/yolo_msgs/yolo_msgs/srv\n'}
[48.301513] (yolo_msgs) StdoutLine: {'line': b'-- Up-to-date: /home/user/ros2_ws/install/yolo_msgs/include/yolo_msgs/yolo_msgs/srv/detail\n'}
[48.301605] (yolo_msgs) StdoutLine: {'line': b'-- Installing: /home/user/ros2_ws/install/yolo_msgs/include/yolo_msgs/yolo_msgs/srv/detail/set_classes__rosidl_typesupport_introspection_c.h\n'}
[48.304561] (yolo_msgs) StdoutLine: {'line': b'-- Installing: /home/user/ros2_ws/install/yolo_msgs/include/yolo_msgs/yolo_msgs/srv/detail/set_classes__type_support.c\n'}
[48.304719] (yolo_msgs) StdoutLine: {'line': b'-- Up-to-date: /home/user/ros2_ws/install/yolo_msgs/include/yolo_msgs/yolo_msgs/msg\n'}
[48.304820] (yolo_msgs) StdoutLine: {'line': b'-- Up-to-date: /home/user/ros2_ws/install/yolo_msgs/include/yolo_msgs/yolo_msgs/msg/detail\n'}
[48.309372] (yolo_msgs) StdoutLine: {'line': b'-- Installing: /home/user/ros2_ws/install/yolo_msgs/include/yolo_msgs/yolo_msgs/msg/detail/bounding_box2_d__rosidl_typesupport_introspection_c.h\n'}
[48.309509] (yolo_msgs) StdoutLine: {'line': b'-- Installing: /home/user/ros2_ws/install/yolo_msgs/include/yolo_msgs/yolo_msgs/msg/detail/key_point2_d__rosidl_typesupport_introspection_c.h\n'}
[48.309666] (yolo_msgs) StdoutLine: {'line': b'-- Installing: /home/user/ros2_ws/install/yolo_msgs/include/yolo_msgs/yolo_msgs/msg/detail/mask__rosidl_typesupport_introspection_c.h\n'}
[48.309826] (yolo_msgs) StdoutLine: {'line': b'-- Installing: /home/user/ros2_ws/install/yolo_msgs/include/yolo_msgs/yolo_msgs/msg/detail/key_point3_d_array__rosidl_typesupport_introspection_c.h\n'}
[48.309940] (yolo_msgs) StdoutLine: {'line': b'-- Installing: /home/user/ros2_ws/install/yolo_msgs/include/yolo_msgs/yolo_msgs/msg/detail/key_point2_d_array__type_support.c\n'}
[48.312517] (yolo_msgs) StdoutLine: {'line': b'-- Installing: /home/user/ros2_ws/install/yolo_msgs/include/yolo_msgs/yolo_msgs/msg/detail/point2_d__type_support.c\n'}
[48.312677] (yolo_msgs) StdoutLine: {'line': b'-- Installing: /home/user/ros2_ws/install/yolo_msgs/include/yolo_msgs/yolo_msgs/msg/detail/vector2__rosidl_typesupport_introspection_c.h\n'}
[48.312791] (yolo_msgs) StdoutLine: {'line': b'-- Installing: /home/user/ros2_ws/install/yolo_msgs/include/yolo_msgs/yolo_msgs/msg/detail/key_point2_d__type_support.c\n'}
[48.315260] (yolo_msgs) StdoutLine: {'line': b'-- Installing: /home/user/ros2_ws/install/yolo_msgs/include/yolo_msgs/yolo_msgs/msg/detail/key_point2_d_array__rosidl_typesupport_introspection_c.h\n'}
[48.315498] (yolo_msgs) StdoutLine: {'line': b'-- Installing: /home/user/ros2_ws/install/yolo_msgs/include/yolo_msgs/yolo_msgs/msg/detail/pose2_d__rosidl_typesupport_introspection_c.h\n'}
[48.315648] (yolo_msgs) StdoutLine: {'line': b'-- Installing: /home/user/ros2_ws/install/yolo_msgs/include/yolo_msgs/yolo_msgs/msg/detail/bounding_box3_d__type_support.c\n'}
[48.315730] (yolo_msgs) StdoutLine: {'line': b'-- Installing: /home/user/ros2_ws/install/yolo_msgs/include/yolo_msgs/yolo_msgs/msg/detail/detection_array__type_support.c\n'}
[48.315850] (yolo_msgs) StdoutLine: {'line': b'-- Installing: /home/user/ros2_ws/install/yolo_msgs/include/yolo_msgs/yolo_msgs/msg/detail/point2_d__rosidl_typesupport_introspection_c.h\n'}
[48.315937] (yolo_msgs) StdoutLine: {'line': b'-- Installing: /home/user/ros2_ws/install/yolo_msgs/include/yolo_msgs/yolo_msgs/msg/detail/detection__type_support.c\n'}
[48.316057] (yolo_msgs) StdoutLine: {'line': b'-- Installing: /home/user/ros2_ws/install/yolo_msgs/include/yolo_msgs/yolo_msgs/msg/detail/pose2_d__type_support.c\n'}
[48.316132] (yolo_msgs) StdoutLine: {'line': b'-- Installing: /home/user/ros2_ws/install/yolo_msgs/include/yolo_msgs/yolo_msgs/msg/detail/key_point3_d_array__type_support.c\n'}
[48.316255] (yolo_msgs) StdoutLine: {'line': b'-- Installing: /home/user/ros2_ws/install/yolo_msgs/include/yolo_msgs/yolo_msgs/msg/detail/key_point3_d__rosidl_typesupport_introspection_c.h\n'}
[48.316341] (yolo_msgs) StdoutLine: {'line': b'-- Installing: /home/user/ros2_ws/install/yolo_msgs/include/yolo_msgs/yolo_msgs/msg/detail/key_point3_d__type_support.c\n'}
[48.316414] (yolo_msgs) StdoutLine: {'line': b'-- Installing: /home/user/ros2_ws/install/yolo_msgs/include/yolo_msgs/yolo_msgs/msg/detail/detection__rosidl_typesupport_introspection_c.h\n'}
[48.316516] (yolo_msgs) StdoutLine: {'line': b'-- Installing: /home/user/ros2_ws/install/yolo_msgs/include/yolo_msgs/yolo_msgs/msg/detail/bounding_box2_d__type_support.c\n'}
[48.316585] (yolo_msgs) StdoutLine: {'line': b'-- Installing: /home/user/ros2_ws/install/yolo_msgs/include/yolo_msgs/yolo_msgs/msg/detail/bounding_box3_d__rosidl_typesupport_introspection_c.h\n'}
[48.316713] (yolo_msgs) StdoutLine: {'line': b'-- Installing: /home/user/ros2_ws/install/yolo_msgs/include/yolo_msgs/yolo_msgs/msg/detail/vector2__type_support.c\n'}
[48.316785] (yolo_msgs) StdoutLine: {'line': b'-- Installing: /home/user/ros2_ws/install/yolo_msgs/include/yolo_msgs/yolo_msgs/msg/detail/detection_array__rosidl_typesupport_introspection_c.h\n'}
[48.316889] (yolo_msgs) StdoutLine: {'line': b'-- Installing: /home/user/ros2_ws/install/yolo_msgs/include/yolo_msgs/yolo_msgs/msg/detail/mask__type_support.c\n'}
[48.316964] (yolo_msgs) StdoutLine: {'line': b'-- Installing: /home/user/ros2_ws/install/yolo_msgs/include/yolo_msgs/yolo_msgs/msg/rosidl_typesupport_introspection_c__visibility_control.h\n'}
[48.317056] (yolo_msgs) StdoutLine: {'line': b'-- Installing: /home/user/ros2_ws/install/yolo_msgs/lib/libyolo_msgs__rosidl_typesupport_introspection_c.so\n'}
[48.317165] (yolo_msgs) StdoutLine: {'line': b'-- Set runtime path of "/home/user/ros2_ws/install/yolo_msgs/lib/libyolo_msgs__rosidl_typesupport_introspection_c.so" to ""\n'}
[48.317225] (yolo_msgs) StdoutLine: {'line': b'-- Installing: /home/user/ros2_ws/install/yolo_msgs/lib/libyolo_msgs__rosidl_typesupport_c.so\n'}
[48.317283] (yolo_msgs) StdoutLine: {'line': b'-- Set runtime path of "/home/user/ros2_ws/install/yolo_msgs/lib/libyolo_msgs__rosidl_typesupport_c.so" to ""\n'}
[48.317467] (yolo_msgs) StdoutLine: {'line': b'-- Up-to-date: /home/user/ros2_ws/install/yolo_msgs/include/yolo_msgs/yolo_msgs\n'}
[48.317631] (yolo_msgs) StdoutLine: {'line': b'-- Up-to-date: /home/user/ros2_ws/install/yolo_msgs/include/yolo_msgs/yolo_msgs/srv\n'}
[48.317752] (yolo_msgs) StdoutLine: {'line': b'-- Up-to-date: /home/user/ros2_ws/install/yolo_msgs/include/yolo_msgs/yolo_msgs/srv/detail\n'}
[48.317961] (yolo_msgs) StdoutLine: {'line': b'-- Installing: /home/user/ros2_ws/install/yolo_msgs/include/yolo_msgs/yolo_msgs/srv/detail/set_classes__type_support.hpp\n'}
[48.318085] (yolo_msgs) StdoutLine: {'line': b'-- Installing: /home/user/ros2_ws/install/yolo_msgs/include/yolo_msgs/yolo_msgs/srv/detail/set_classes__traits.hpp\n'}
[48.319540] (yolo_msgs) StdoutLine: {'line': b'-- Installing: /home/user/ros2_ws/install/yolo_msgs/include/yolo_msgs/yolo_msgs/srv/detail/set_classes__struct.hpp\n'}
[48.319673] (yolo_msgs) StdoutLine: {'line': b'-- Installing: /home/user/ros2_ws/install/yolo_msgs/include/yolo_msgs/yolo_msgs/srv/detail/set_classes__builder.hpp\n'}
[48.319775] (yolo_msgs) StdoutLine: {'line': b'-- Installing: /home/user/ros2_ws/install/yolo_msgs/include/yolo_msgs/yolo_msgs/srv/set_classes.hpp\n'}
[48.319968] (yolo_msgs) StdoutLine: {'line': b'-- Up-to-date: /home/user/ros2_ws/install/yolo_msgs/include/yolo_msgs/yolo_msgs/msg\n'}
[48.320136] (yolo_msgs) StdoutLine: {'line': b'-- Up-to-date: /home/user/ros2_ws/install/yolo_msgs/include/yolo_msgs/yolo_msgs/msg/detail\n'}
[48.320260] (yolo_msgs) StdoutLine: {'line': b'-- Installing: /home/user/ros2_ws/install/yolo_msgs/include/yolo_msgs/yolo_msgs/msg/detail/bounding_box2_d__type_support.hpp\n'}
[48.320379] (yolo_msgs) StdoutLine: {'line': b'-- Installing: /home/user/ros2_ws/install/yolo_msgs/include/yolo_msgs/yolo_msgs/msg/detail/vector2__struct.hpp\n'}
[48.320859] (yolo_msgs) StdoutLine: {'line': b'-- Installing: /home/user/ros2_ws/install/yolo_msgs/include/yolo_msgs/yolo_msgs/msg/detail/key_point3_d_array__builder.hpp\n'}
[48.321618] (yolo_msgs) StdoutLine: {'line': b'-- Installing: /home/user/ros2_ws/install/yolo_msgs/include/yolo_msgs/yolo_msgs/msg/detail/mask__struct.hpp\n'}
[48.321783] (yolo_msgs) StdoutLine: {'line': b'-- Installing: /home/user/ros2_ws/install/yolo_msgs/include/yolo_msgs/yolo_msgs/msg/detail/bounding_box2_d__struct.hpp\n'}
[48.321915] (-) TimerEvent: {}
[48.322397] (yolo_msgs) StdoutLine: {'line': b'-- Installing: /home/user/ros2_ws/install/yolo_msgs/include/yolo_msgs/yolo_msgs/msg/detail/key_point3_d_array__struct.hpp\n'}
[48.322529] (yolo_msgs) StdoutLine: {'line': b'-- Installing: /home/user/ros2_ws/install/yolo_msgs/include/yolo_msgs/yolo_msgs/msg/detail/detection__builder.hpp\n'}
[48.322675] (yolo_msgs) StdoutLine: {'line': b'-- Installing: /home/user/ros2_ws/install/yolo_msgs/include/yolo_msgs/yolo_msgs/msg/detail/mask__traits.hpp\n'}
[48.322888] (yolo_msgs) StdoutLine: {'line': b'-- Installing: /home/user/ros2_ws/install/yolo_msgs/include/yolo_msgs/yolo_msgs/msg/detail/pose2_d__traits.hpp\n'}
[48.323027] (yolo_msgs) StdoutLine: {'line': b'-- Installing: /home/user/ros2_ws/install/yolo_msgs/include/yolo_msgs/yolo_msgs/msg/detail/key_point2_d_array__builder.hpp\n'}
[48.323150] (yolo_msgs) StdoutLine: {'line': b'-- Installing: /home/user/ros2_ws/install/yolo_msgs/include/yolo_msgs/yolo_msgs/msg/detail/detection_array__traits.hpp\n'}
[48.323256] (yolo_msgs) StdoutLine: {'line': b'-- Installing: /home/user/ros2_ws/install/yolo_msgs/include/yolo_msgs/yolo_msgs/msg/detail/detection__type_support.hpp\n'}
[48.323467] (yolo_msgs) StdoutLine: {'line': b'-- Installing: /home/user/ros2_ws/install/yolo_msgs/include/yolo_msgs/yolo_msgs/msg/detail/key_point2_d__type_support.hpp\n'}
[48.323677] (yolo_msgs) StdoutLine: {'line': b'-- Installing: /home/user/ros2_ws/install/yolo_msgs/include/yolo_msgs/yolo_msgs/msg/detail/bounding_box3_d__type_support.hpp\n'}
[48.323875] (yolo_msgs) StdoutLine: {'line': b'-- Installing: /home/user/ros2_ws/install/yolo_msgs/include/yolo_msgs/yolo_msgs/msg/detail/bounding_box2_d__traits.hpp\n'}
[48.324046] (yolo_msgs) StdoutLine: {'line': b'-- Installing: /home/user/ros2_ws/install/yolo_msgs/include/yolo_msgs/yolo_msgs/msg/detail/point2_d__struct.hpp\n'}
[48.324250] (yolo_msgs) StdoutLine: {'line': b'-- Installing: /home/user/ros2_ws/install/yolo_msgs/include/yolo_msgs/yolo_msgs/msg/detail/key_point3_d_array__type_support.hpp\n'}
[48.324446] (yolo_msgs) StdoutLine: {'line': b'-- Installing: /home/user/ros2_ws/install/yolo_msgs/include/yolo_msgs/yolo_msgs/msg/detail/key_point2_d__builder.hpp\n'}
[48.324619] (yolo_msgs) StdoutLine: {'line': b'-- Installing: /home/user/ros2_ws/install/yolo_msgs/include/yolo_msgs/yolo_msgs/msg/detail/detection__struct.hpp\n'}
[48.324717] (yolo_msgs) StdoutLine: {'line': b'-- Installing: /home/user/ros2_ws/install/yolo_msgs/include/yolo_msgs/yolo_msgs/msg/detail/vector2__type_support.hpp\n'}
[48.324859] (yolo_msgs) StdoutLine: {'line': b'-- Installing: /home/user/ros2_ws/install/yolo_msgs/include/yolo_msgs/yolo_msgs/msg/detail/detection_array__type_support.hpp\n'}
[48.325013] (yolo_msgs) StdoutLine: {'line': b'-- Installing: /home/user/ros2_ws/install/yolo_msgs/include/yolo_msgs/yolo_msgs/msg/detail/point2_d__builder.hpp\n'}
[48.325121] (yolo_msgs) StdoutLine: {'line': b'-- Installing: /home/user/ros2_ws/install/yolo_msgs/include/yolo_msgs/yolo_msgs/msg/detail/detection__traits.hpp\n'}
[48.325283] (yolo_msgs) StdoutLine: {'line': b'-- Installing: /home/user/ros2_ws/install/yolo_msgs/include/yolo_msgs/yolo_msgs/msg/detail/vector2__traits.hpp\n'}
[48.325428] (yolo_msgs) StdoutLine: {'line': b'-- Installing: /home/user/ros2_ws/install/yolo_msgs/include/yolo_msgs/yolo_msgs/msg/detail/detection_array__struct.hpp\n'}
[48.325505] (yolo_msgs) StdoutLine: {'line': b'-- Installing: /home/user/ros2_ws/install/yolo_msgs/include/yolo_msgs/yolo_msgs/msg/detail/key_point2_d_array__struct.hpp\n'}
[48.325663] (yolo_msgs) StdoutLine: {'line': b'-- Installing: /home/user/ros2_ws/install/yolo_msgs/include/yolo_msgs/yolo_msgs/msg/detail/point2_d__traits.hpp\n'}
[48.325755] (yolo_msgs) StdoutLine: {'line': b'-- Installing: /home/user/ros2_ws/install/yolo_msgs/include/yolo_msgs/yolo_msgs/msg/detail/vector2__builder.hpp\n'}
[48.325918] (yolo_msgs) StdoutLine: {'line': b'-- Installing: /home/user/ros2_ws/install/yolo_msgs/include/yolo_msgs/yolo_msgs/msg/detail/key_point2_d__struct.hpp\n'}
[48.326705] (yolo_msgs) StdoutLine: {'line': b'-- Installing: /home/user/ros2_ws/install/yolo_msgs/include/yolo_msgs/yolo_msgs/msg/detail/pose2_d__type_support.hpp\n'}
[48.326785] (yolo_msgs) StdoutLine: {'line': b'-- Installing: /home/user/ros2_ws/install/yolo_msgs/include/yolo_msgs/yolo_msgs/msg/detail/key_point3_d_array__traits.hpp\n'}
[48.326867] (yolo_msgs) StdoutLine: {'line': b'-- Installing: /home/user/ros2_ws/install/yolo_msgs/include/yolo_msgs/yolo_msgs/msg/detail/key_point3_d__traits.hpp\n'}
[48.326995] (yolo_msgs) StdoutLine: {'line': b'-- Installing: /home/user/ros2_ws/install/yolo_msgs/include/yolo_msgs/yolo_msgs/msg/detail/pose2_d__builder.hpp\n'}
[48.327065] (yolo_msgs) StdoutLine: {'line': b'-- Installing: /home/user/ros2_ws/install/yolo_msgs/include/yolo_msgs/yolo_msgs/msg/detail/key_point3_d__struct.hpp\n'}
[48.327196] (yolo_msgs) StdoutLine: {'line': b'-- Installing: /home/user/ros2_ws/install/yolo_msgs/include/yolo_msgs/yolo_msgs/msg/detail/key_point3_d__builder.hpp\n'}
[48.327304] (yolo_msgs) StdoutLine: {'line': b'-- Installing: /home/user/ros2_ws/install/yolo_msgs/include/yolo_msgs/yolo_msgs/msg/detail/pose2_d__struct.hpp\n'}
[48.327403] (yolo_msgs) StdoutLine: {'line': b'-- Installing: /home/user/ros2_ws/install/yolo_msgs/include/yolo_msgs/yolo_msgs/msg/detail/key_point2_d__traits.hpp\n'}
[48.327538] (yolo_msgs) StdoutLine: {'line': b'-- Installing: /home/user/ros2_ws/install/yolo_msgs/include/yolo_msgs/yolo_msgs/msg/detail/bounding_box3_d__traits.hpp\n'}
[48.327626] (yolo_msgs) StdoutLine: {'line': b'-- Installing: /home/user/ros2_ws/install/yolo_msgs/include/yolo_msgs/yolo_msgs/msg/detail/detection_array__builder.hpp\n'}
[48.327714] (yolo_msgs) StdoutLine: {'line': b'-- Installing: /home/user/ros2_ws/install/yolo_msgs/include/yolo_msgs/yolo_msgs/msg/detail/key_point3_d__type_support.hpp\n'}
[48.327802] (yolo_msgs) StdoutLine: {'line': b'-- Installing: /home/user/ros2_ws/install/yolo_msgs/include/yolo_msgs/yolo_msgs/msg/detail/mask__builder.hpp\n'}
[48.327893] (yolo_msgs) StdoutLine: {'line': b'-- Installing: /home/user/ros2_ws/install/yolo_msgs/include/yolo_msgs/yolo_msgs/msg/detail/bounding_box3_d__builder.hpp\n'}
[48.327974] (yolo_msgs) StdoutLine: {'line': b'-- Installing: /home/user/ros2_ws/install/yolo_msgs/include/yolo_msgs/yolo_msgs/msg/detail/bounding_box3_d__struct.hpp\n'}
[48.328058] (yolo_msgs) StdoutLine: {'line': b'-- Installing: /home/user/ros2_ws/install/yolo_msgs/include/yolo_msgs/yolo_msgs/msg/detail/point2_d__type_support.hpp\n'}
[48.328142] (yolo_msgs) StdoutLine: {'line': b'-- Installing: /home/user/ros2_ws/install/yolo_msgs/include/yolo_msgs/yolo_msgs/msg/detail/key_point2_d_array__traits.hpp\n'}
[48.328220] (yolo_msgs) StdoutLine: {'line': b'-- Installing: /home/user/ros2_ws/install/yolo_msgs/include/yolo_msgs/yolo_msgs/msg/detail/bounding_box2_d__builder.hpp\n'}
[48.328300] (yolo_msgs) StdoutLine: {'line': b'-- Installing: /home/user/ros2_ws/install/yolo_msgs/include/yolo_msgs/yolo_msgs/msg/detail/mask__type_support.hpp\n'}
[48.328379] (yolo_msgs) StdoutLine: {'line': b'-- Installing: /home/user/ros2_ws/install/yolo_msgs/include/yolo_msgs/yolo_msgs/msg/detail/key_point2_d_array__type_support.hpp\n'}
[48.328472] (yolo_msgs) StdoutLine: {'line': b'-- Installing: /home/user/ros2_ws/install/yolo_msgs/include/yolo_msgs/yolo_msgs/msg/mask.hpp\n'}
[48.328558] (yolo_msgs) StdoutLine: {'line': b'-- Installing: /home/user/ros2_ws/install/yolo_msgs/include/yolo_msgs/yolo_msgs/msg/point2_d.hpp\n'}
[48.328634] (yolo_msgs) StdoutLine: {'line': b'-- Installing: /home/user/ros2_ws/install/yolo_msgs/include/yolo_msgs/yolo_msgs/msg/key_point3_d_array.hpp\n'}
[48.328799] (yolo_msgs) StdoutLine: {'line': b'-- Installing: /home/user/ros2_ws/install/yolo_msgs/include/yolo_msgs/yolo_msgs/msg/key_point2_d.hpp\n'}
[48.328913] (yolo_msgs) StdoutLine: {'line': b'-- Installing: /home/user/ros2_ws/install/yolo_msgs/include/yolo_msgs/yolo_msgs/msg/key_point3_d.hpp\n'}
[48.328978] (yolo_msgs) StdoutLine: {'line': b'-- Installing: /home/user/ros2_ws/install/yolo_msgs/include/yolo_msgs/yolo_msgs/msg/detection_array.hpp\n'}
[48.329126] (yolo_msgs) StdoutLine: {'line': b'-- Installing: /home/user/ros2_ws/install/yolo_msgs/include/yolo_msgs/yolo_msgs/msg/bounding_box2_d.hpp\n'}
[48.329232] (yolo_msgs) StdoutLine: {'line': b'-- Installing: /home/user/ros2_ws/install/yolo_msgs/include/yolo_msgs/yolo_msgs/msg/detection.hpp\n'}
[48.329361] (yolo_msgs) StdoutLine: {'line': b'-- Installing: /home/user/ros2_ws/install/yolo_msgs/include/yolo_msgs/yolo_msgs/msg/bounding_box3_d.hpp\n'}
[48.329557] (yolo_msgs) StdoutLine: {'line': b'-- Installing: /home/user/ros2_ws/install/yolo_msgs/include/yolo_msgs/yolo_msgs/msg/pose2_d.hpp\n'}
[48.329683] (yolo_msgs) StdoutLine: {'line': b'-- Installing: /home/user/ros2_ws/install/yolo_msgs/include/yolo_msgs/yolo_msgs/msg/key_point2_d_array.hpp\n'}
[48.329789] (yolo_msgs) StdoutLine: {'line': b'-- Installing: /home/user/ros2_ws/install/yolo_msgs/include/yolo_msgs/yolo_msgs/msg/rosidl_generator_cpp__visibility_control.hpp\n'}
[48.329938] (yolo_msgs) StdoutLine: {'line': b'-- Installing: /home/user/ros2_ws/install/yolo_msgs/include/yolo_msgs/yolo_msgs/msg/vector2.hpp\n'}
[48.330004] (yolo_msgs) StdoutLine: {'line': b'-- Up-to-date: /home/user/ros2_ws/install/yolo_msgs/include/yolo_msgs/yolo_msgs\n'}
[48.330196] (yolo_msgs) StdoutLine: {'line': b'-- Up-to-date: /home/user/ros2_ws/install/yolo_msgs/include/yolo_msgs/yolo_msgs/srv\n'}
[48.330290] (yolo_msgs) StdoutLine: {'line': b'-- Up-to-date: /home/user/ros2_ws/install/yolo_msgs/include/yolo_msgs/yolo_msgs/srv/detail\n'}
[48.330420] (yolo_msgs) StdoutLine: {'line': b'-- Installing: /home/user/ros2_ws/install/yolo_msgs/include/yolo_msgs/yolo_msgs/srv/detail/dds_fastrtps\n'}
[48.330498] (yolo_msgs) StdoutLine: {'line': b'-- Installing: /home/user/ros2_ws/install/yolo_msgs/include/yolo_msgs/yolo_msgs/srv/detail/set_classes__rosidl_typesupport_fastrtps_cpp.hpp\n'}
[48.330659] (yolo_msgs) StdoutLine: {'line': b'-- Up-to-date: /home/user/ros2_ws/install/yolo_msgs/include/yolo_msgs/yolo_msgs/msg\n'}
[48.330765] (yolo_msgs) StdoutLine: {'line': b'-- Up-to-date: /home/user/ros2_ws/install/yolo_msgs/include/yolo_msgs/yolo_msgs/msg/detail\n'}
[48.330899] (yolo_msgs) StdoutLine: {'line': b'-- Installing: /home/user/ros2_ws/install/yolo_msgs/include/yolo_msgs/yolo_msgs/msg/detail/detection__rosidl_typesupport_fastrtps_cpp.hpp\n'}
[48.330994] (yolo_msgs) StdoutLine: {'line': b'-- Installing: /home/user/ros2_ws/install/yolo_msgs/include/yolo_msgs/yolo_msgs/msg/detail/mask__rosidl_typesupport_fastrtps_cpp.hpp\n'}
[48.331122] (yolo_msgs) StdoutLine: {'line': b'-- Installing: /home/user/ros2_ws/install/yolo_msgs/include/yolo_msgs/yolo_msgs/msg/detail/bounding_box2_d__rosidl_typesupport_fastrtps_cpp.hpp\n'}
[48.331233] (yolo_msgs) StdoutLine: {'line': b'-- Installing: /home/user/ros2_ws/install/yolo_msgs/include/yolo_msgs/yolo_msgs/msg/detail/key_point2_d_array__rosidl_typesupport_fastrtps_cpp.hpp\n'}
[48.331367] (yolo_msgs) StdoutLine: {'line': b'-- Installing: /home/user/ros2_ws/install/yolo_msgs/include/yolo_msgs/yolo_msgs/msg/detail/pose2_d__rosidl_typesupport_fastrtps_cpp.hpp\n'}
[48.331487] (yolo_msgs) StdoutLine: {'line': b'-- Installing: /home/user/ros2_ws/install/yolo_msgs/include/yolo_msgs/yolo_msgs/msg/detail/key_point2_d__rosidl_typesupport_fastrtps_cpp.hpp\n'}
[48.331589] (yolo_msgs) StdoutLine: {'line': b'-- Installing: /home/user/ros2_ws/install/yolo_msgs/include/yolo_msgs/yolo_msgs/msg/detail/bounding_box3_d__rosidl_typesupport_fastrtps_cpp.hpp\n'}
[48.331722] (yolo_msgs) StdoutLine: {'line': b'-- Installing: /home/user/ros2_ws/install/yolo_msgs/include/yolo_msgs/yolo_msgs/msg/detail/point2_d__rosidl_typesupport_fastrtps_cpp.hpp\n'}
[48.331793] (yolo_msgs) StdoutLine: {'line': b'-- Installing: /home/user/ros2_ws/install/yolo_msgs/include/yolo_msgs/yolo_msgs/msg/detail/vector2__rosidl_typesupport_fastrtps_cpp.hpp\n'}
[48.331856] (yolo_msgs) StdoutLine: {'line': b'-- Installing: /home/user/ros2_ws/install/yolo_msgs/include/yolo_msgs/yolo_msgs/msg/detail/dds_fastrtps\n'}
[48.331979] (yolo_msgs) StdoutLine: {'line': b'-- Installing: /home/user/ros2_ws/install/yolo_msgs/include/yolo_msgs/yolo_msgs/msg/detail/detection_array__rosidl_typesupport_fastrtps_cpp.hpp\n'}
[48.332062] (yolo_msgs) StdoutLine: {'line': b'-- Installing: /home/user/ros2_ws/install/yolo_msgs/include/yolo_msgs/yolo_msgs/msg/detail/key_point3_d_array__rosidl_typesupport_fastrtps_cpp.hpp\n'}
[48.332173] (yolo_msgs) StdoutLine: {'line': b'-- Installing: /home/user/ros2_ws/install/yolo_msgs/include/yolo_msgs/yolo_msgs/msg/detail/key_point3_d__rosidl_typesupport_fastrtps_cpp.hpp\n'}
[48.332247] (yolo_msgs) StdoutLine: {'line': b'-- Installing: /home/user/ros2_ws/install/yolo_msgs/include/yolo_msgs/yolo_msgs/msg/rosidl_typesupport_fastrtps_cpp__visibility_control.h\n'}
[48.332331] (yolo_msgs) StdoutLine: {'line': b'-- Installing: /home/user/ros2_ws/install/yolo_msgs/lib/libyolo_msgs__rosidl_typesupport_fastrtps_cpp.so\n'}
[48.332450] (yolo_msgs) StdoutLine: {'line': b'-- Set runtime path of "/home/user/ros2_ws/install/yolo_msgs/lib/libyolo_msgs__rosidl_typesupport_fastrtps_cpp.so" to ""\n'}
[48.332541] (yolo_msgs) StdoutLine: {'line': b'-- Up-to-date: /home/user/ros2_ws/install/yolo_msgs/include/yolo_msgs/yolo_msgs\n'}
[48.332635] (yolo_msgs) StdoutLine: {'line': b'-- Up-to-date: /home/user/ros2_ws/install/yolo_msgs/include/yolo_msgs/yolo_msgs/srv\n'}
[48.332821] (yolo_msgs) StdoutLine: {'line': b'-- Up-to-date: /home/user/ros2_ws/install/yolo_msgs/include/yolo_msgs/yolo_msgs/srv/detail\n'}
[48.332912] (yolo_msgs) StdoutLine: {'line': b'-- Installing: /home/user/ros2_ws/install/yolo_msgs/include/yolo_msgs/yolo_msgs/srv/detail/set_classes__rosidl_typesupport_introspection_cpp.hpp\n'}
[48.333001] (yolo_msgs) StdoutLine: {'line': b'-- Installing: /home/user/ros2_ws/install/yolo_msgs/include/yolo_msgs/yolo_msgs/srv/detail/set_classes__type_support.cpp\n'}
[48.333139] (yolo_msgs) StdoutLine: {'line': b'-- Up-to-date: /home/user/ros2_ws/install/yolo_msgs/include/yolo_msgs/yolo_msgs/msg\n'}
[48.333224] (yolo_msgs) StdoutLine: {'line': b'-- Up-to-date: /home/user/ros2_ws/install/yolo_msgs/include/yolo_msgs/yolo_msgs/msg/detail\n'}
[48.333384] (yolo_msgs) StdoutLine: {'line': b'-- Installing: /home/user/ros2_ws/install/yolo_msgs/include/yolo_msgs/yolo_msgs/msg/detail/key_point2_d_array__rosidl_typesupport_introspection_cpp.hpp\n'}
[48.333480] (yolo_msgs) StdoutLine: {'line': b'-- Installing: /home/user/ros2_ws/install/yolo_msgs/include/yolo_msgs/yolo_msgs/msg/detail/detection_array__type_support.cpp\n'}
[48.334052] (yolo_msgs) StdoutLine: {'line': b'-- Installing: /home/user/ros2_ws/install/yolo_msgs/include/yolo_msgs/yolo_msgs/msg/detail/detection_array__rosidl_typesupport_introspection_cpp.hpp\n'}
[48.334155] (yolo_msgs) StdoutLine: {'line': b'-- Installing: /home/user/ros2_ws/install/yolo_msgs/include/yolo_msgs/yolo_msgs/msg/detail/detection__type_support.cpp\n'}
[48.334300] (yolo_msgs) StdoutLine: {'line': b'-- Installing: /home/user/ros2_ws/install/yolo_msgs/include/yolo_msgs/yolo_msgs/msg/detail/bounding_box3_d__rosidl_typesupport_introspection_cpp.hpp\n'}
[48.334400] (yolo_msgs) StdoutLine: {'line': b'-- Installing: /home/user/ros2_ws/install/yolo_msgs/include/yolo_msgs/yolo_msgs/msg/detail/key_point2_d_array__type_support.cpp\n'}
[48.334517] (yolo_msgs) StdoutLine: {'line': b'-- Installing: /home/user/ros2_ws/install/yolo_msgs/include/yolo_msgs/yolo_msgs/msg/detail/pose2_d__rosidl_typesupport_introspection_cpp.hpp\n'}
[48.334655] (yolo_msgs) StdoutLine: {'line': b'-- Installing: /home/user/ros2_ws/install/yolo_msgs/include/yolo_msgs/yolo_msgs/msg/detail/key_point2_d__type_support.cpp\n'}
[48.334743] (yolo_msgs) StdoutLine: {'line': b'-- Installing: /home/user/ros2_ws/install/yolo_msgs/include/yolo_msgs/yolo_msgs/msg/detail/vector2__rosidl_typesupport_introspection_cpp.hpp\n'}
[48.334878] (yolo_msgs) StdoutLine: {'line': b'-- Installing: /home/user/ros2_ws/install/yolo_msgs/include/yolo_msgs/yolo_msgs/msg/detail/key_point3_d__rosidl_typesupport_introspection_cpp.hpp\n'}
[48.334967] (yolo_msgs) StdoutLine: {'line': b'-- Installing: /home/user/ros2_ws/install/yolo_msgs/include/yolo_msgs/yolo_msgs/msg/detail/bounding_box2_d__rosidl_typesupport_introspection_cpp.hpp\n'}
[48.335058] (yolo_msgs) StdoutLine: {'line': b'-- Installing: /home/user/ros2_ws/install/yolo_msgs/include/yolo_msgs/yolo_msgs/msg/detail/vector2__type_support.cpp\n'}
[48.335153] (yolo_msgs) StdoutLine: {'line': b'-- Installing: /home/user/ros2_ws/install/yolo_msgs/include/yolo_msgs/yolo_msgs/msg/detail/mask__rosidl_typesupport_introspection_cpp.hpp\n'}
[48.335338] (yolo_msgs) StdoutLine: {'line': b'-- Installing: /home/user/ros2_ws/install/yolo_msgs/include/yolo_msgs/yolo_msgs/msg/detail/pose2_d__type_support.cpp\n'}
[48.335445] (yolo_msgs) StdoutLine: {'line': b'-- Installing: /home/user/ros2_ws/install/yolo_msgs/include/yolo_msgs/yolo_msgs/msg/detail/key_point3_d_array__type_support.cpp\n'}
[48.335540] (yolo_msgs) StdoutLine: {'line': b'-- Installing: /home/user/ros2_ws/install/yolo_msgs/include/yolo_msgs/yolo_msgs/msg/detail/point2_d__rosidl_typesupport_introspection_cpp.hpp\n'}
[48.335650] (yolo_msgs) StdoutLine: {'line': b'-- Installing: /home/user/ros2_ws/install/yolo_msgs/include/yolo_msgs/yolo_msgs/msg/detail/point2_d__type_support.cpp\n'}
[48.335716] (yolo_msgs) StdoutLine: {'line': b'-- Installing: /home/user/ros2_ws/install/yolo_msgs/include/yolo_msgs/yolo_msgs/msg/detail/key_point2_d__rosidl_typesupport_introspection_cpp.hpp\n'}
[48.335768] (yolo_msgs) StdoutLine: {'line': b'-- Installing: /home/user/ros2_ws/install/yolo_msgs/include/yolo_msgs/yolo_msgs/msg/detail/bounding_box3_d__type_support.cpp\n'}
[48.335837] (yolo_msgs) StdoutLine: {'line': b'-- Installing: /home/user/ros2_ws/install/yolo_msgs/include/yolo_msgs/yolo_msgs/msg/detail/detection__rosidl_typesupport_introspection_cpp.hpp\n'}
[48.335932] (yolo_msgs) StdoutLine: {'line': b'-- Installing: /home/user/ros2_ws/install/yolo_msgs/include/yolo_msgs/yolo_msgs/msg/detail/key_point3_d_array__rosidl_typesupport_introspection_cpp.hpp\n'}
[48.336018] (yolo_msgs) StdoutLine: {'line': b'-- Installing: /home/user/ros2_ws/install/yolo_msgs/include/yolo_msgs/yolo_msgs/msg/detail/key_point3_d__type_support.cpp\n'}
[48.336108] (yolo_msgs) StdoutLine: {'line': b'-- Installing: /home/user/ros2_ws/install/yolo_msgs/include/yolo_msgs/yolo_msgs/msg/detail/mask__type_support.cpp\n'}
[48.336199] (yolo_msgs) StdoutLine: {'line': b'-- Installing: /home/user/ros2_ws/install/yolo_msgs/include/yolo_msgs/yolo_msgs/msg/detail/bounding_box2_d__type_support.cpp\n'}
[48.336286] (yolo_msgs) StdoutLine: {'line': b'-- Installing: /home/user/ros2_ws/install/yolo_msgs/lib/libyolo_msgs__rosidl_typesupport_introspection_cpp.so\n'}
[48.337045] (yolo_msgs) StdoutLine: {'line': b'-- Set runtime path of "/home/user/ros2_ws/install/yolo_msgs/lib/libyolo_msgs__rosidl_typesupport_introspection_cpp.so" to ""\n'}
[48.337181] (yolo_msgs) StdoutLine: {'line': b'-- Installing: /home/user/ros2_ws/install/yolo_msgs/lib/libyolo_msgs__rosidl_typesupport_cpp.so\n'}
[48.337600] (yolo_msgs) StdoutLine: {'line': b'-- Set runtime path of "/home/user/ros2_ws/install/yolo_msgs/lib/libyolo_msgs__rosidl_typesupport_cpp.so" to ""\n'}
[48.337819] (yolo_msgs) StdoutLine: {'line': b'-- Installing: /home/user/ros2_ws/install/yolo_msgs/share/yolo_msgs/environment/pythonpath.sh\n'}
[48.338005] (yolo_msgs) StdoutLine: {'line': b'-- Installing: /home/user/ros2_ws/install/yolo_msgs/share/yolo_msgs/environment/pythonpath.dsv\n'}
[48.338188] (yolo_msgs) StdoutLine: {'line': b'-- Installing: /home/user/ros2_ws/install/yolo_msgs/local/lib/python3.10/dist-packages/yolo_msgs-4.5.1-py3.10.egg-info\n'}
[48.338367] (yolo_msgs) StdoutLine: {'line': b'-- Installing: /home/user/ros2_ws/install/yolo_msgs/local/lib/python3.10/dist-packages/yolo_msgs-4.5.1-py3.10.egg-info/PKG-INFO\n'}
[48.338516] (yolo_msgs) StdoutLine: {'line': b'-- Installing: /home/user/ros2_ws/install/yolo_msgs/local/lib/python3.10/dist-packages/yolo_msgs-4.5.1-py3.10.egg-info/top_level.txt\n'}
[48.338665] (yolo_msgs) StdoutLine: {'line': b'-- Installing: /home/user/ros2_ws/install/yolo_msgs/local/lib/python3.10/dist-packages/yolo_msgs-4.5.1-py3.10.egg-info/SOURCES.txt\n'}
[48.338793] (yolo_msgs) StdoutLine: {'line': b'-- Installing: /home/user/ros2_ws/install/yolo_msgs/local/lib/python3.10/dist-packages/yolo_msgs-4.5.1-py3.10.egg-info/dependency_links.txt\n'}
[48.338971] (yolo_msgs) StdoutLine: {'line': b'-- Installing: /home/user/ros2_ws/install/yolo_msgs/local/lib/python3.10/dist-packages/yolo_msgs\n'}
[48.339125] (yolo_msgs) StdoutLine: {'line': b'-- Installing: /home/user/ros2_ws/install/yolo_msgs/local/lib/python3.10/dist-packages/yolo_msgs/srv\n'}
[48.339255] (yolo_msgs) StdoutLine: {'line': b'-- Installing: /home/user/ros2_ws/install/yolo_msgs/local/lib/python3.10/dist-packages/yolo_msgs/srv/__init__.py\n'}
[48.339412] (yolo_msgs) StdoutLine: {'line': b'-- Installing: /home/user/ros2_ws/install/yolo_msgs/local/lib/python3.10/dist-packages/yolo_msgs/srv/_set_classes.py\n'}
[48.339602] (yolo_msgs) StdoutLine: {'line': b'-- Installing: /home/user/ros2_ws/install/yolo_msgs/local/lib/python3.10/dist-packages/yolo_msgs/srv/_set_classes_s.c\n'}
[48.339894] (yolo_msgs) StdoutLine: {'line': b'-- Installing: /home/user/ros2_ws/install/yolo_msgs/local/lib/python3.10/dist-packages/yolo_msgs/msg\n'}
[48.340054] (yolo_msgs) StdoutLine: {'line': b'-- Installing: /home/user/ros2_ws/install/yolo_msgs/local/lib/python3.10/dist-packages/yolo_msgs/msg/_key_point3_d_array.py\n'}
[48.340186] (yolo_msgs) StdoutLine: {'line': b'-- Installing: /home/user/ros2_ws/install/yolo_msgs/local/lib/python3.10/dist-packages/yolo_msgs/msg/_key_point3_d_array_s.c\n'}
[48.340321] (yolo_msgs) StdoutLine: {'line': b'-- Installing: /home/user/ros2_ws/install/yolo_msgs/local/lib/python3.10/dist-packages/yolo_msgs/msg/_key_point3_d.py\n'}
[48.340512] (yolo_msgs) StdoutLine: {'line': b'-- Installing: /home/user/ros2_ws/install/yolo_msgs/local/lib/python3.10/dist-packages/yolo_msgs/msg/_detection_array_s.c\n'}
[48.341200] (yolo_msgs) StdoutLine: {'line': b'-- Installing: /home/user/ros2_ws/install/yolo_msgs/local/lib/python3.10/dist-packages/yolo_msgs/msg/_pose2_d.py\n'}
[48.341331] (yolo_msgs) StdoutLine: {'line': b'-- Installing: /home/user/ros2_ws/install/yolo_msgs/local/lib/python3.10/dist-packages/yolo_msgs/msg/_detection.py\n'}
[48.341403] (yolo_msgs) StdoutLine: {'line': b'-- Installing: /home/user/ros2_ws/install/yolo_msgs/local/lib/python3.10/dist-packages/yolo_msgs/msg/_bounding_box2_d_s.c\n'}
[48.341464] (yolo_msgs) StdoutLine: {'line': b'-- Installing: /home/user/ros2_ws/install/yolo_msgs/local/lib/python3.10/dist-packages/yolo_msgs/msg/__init__.py\n'}
[48.341525] (yolo_msgs) StdoutLine: {'line': b'-- Installing: /home/user/ros2_ws/install/yolo_msgs/local/lib/python3.10/dist-packages/yolo_msgs/msg/_point2_d_s.c\n'}
[48.341611] (yolo_msgs) StdoutLine: {'line': b'-- Installing: /home/user/ros2_ws/install/yolo_msgs/local/lib/python3.10/dist-packages/yolo_msgs/msg/_key_point2_d_array.py\n'}
[48.341765] (yolo_msgs) StdoutLine: {'line': b'-- Installing: /home/user/ros2_ws/install/yolo_msgs/local/lib/python3.10/dist-packages/yolo_msgs/msg/_vector2.py\n'}
[48.341904] (yolo_msgs) StdoutLine: {'line': b'-- Installing: /home/user/ros2_ws/install/yolo_msgs/local/lib/python3.10/dist-packages/yolo_msgs/msg/_mask.py\n'}
[48.342102] (yolo_msgs) StdoutLine: {'line': b'-- Installing: /home/user/ros2_ws/install/yolo_msgs/local/lib/python3.10/dist-packages/yolo_msgs/msg/_detection_s.c\n'}
[48.342248] (yolo_msgs) StdoutLine: {'line': b'-- Installing: /home/user/ros2_ws/install/yolo_msgs/local/lib/python3.10/dist-packages/yolo_msgs/msg/_vector2_s.c\n'}
[48.342357] (yolo_msgs) StdoutLine: {'line': b'-- Installing: /home/user/ros2_ws/install/yolo_msgs/local/lib/python3.10/dist-packages/yolo_msgs/msg/_detection_array.py\n'}
[48.342475] (yolo_msgs) StdoutLine: {'line': b'-- Installing: /home/user/ros2_ws/install/yolo_msgs/local/lib/python3.10/dist-packages/yolo_msgs/msg/_mask_s.c\n'}
[48.342672] (yolo_msgs) StdoutLine: {'line': b'-- Installing: /home/user/ros2_ws/install/yolo_msgs/local/lib/python3.10/dist-packages/yolo_msgs/msg/_point2_d.py\n'}
[48.342818] (yolo_msgs) StdoutLine: {'line': b'-- Installing: /home/user/ros2_ws/install/yolo_msgs/local/lib/python3.10/dist-packages/yolo_msgs/msg/_key_point2_d.py\n'}
[48.342983] (yolo_msgs) StdoutLine: {'line': b'-- Installing: /home/user/ros2_ws/install/yolo_msgs/local/lib/python3.10/dist-packages/yolo_msgs/msg/_bounding_box3_d_s.c\n'}
[48.343489] (yolo_msgs) StdoutLine: {'line': b'-- Installing: /home/user/ros2_ws/install/yolo_msgs/local/lib/python3.10/dist-packages/yolo_msgs/msg/_bounding_box2_d.py\n'}
[48.343679] (yolo_msgs) StdoutLine: {'line': b'-- Installing: /home/user/ros2_ws/install/yolo_msgs/local/lib/python3.10/dist-packages/yolo_msgs/msg/_key_point2_d_array_s.c\n'}
[48.343790] (yolo_msgs) StdoutLine: {'line': b'-- Installing: /home/user/ros2_ws/install/yolo_msgs/local/lib/python3.10/dist-packages/yolo_msgs/msg/_key_point2_d_s.c\n'}
[48.344102] (yolo_msgs) StdoutLine: {'line': b'-- Installing: /home/user/ros2_ws/install/yolo_msgs/local/lib/python3.10/dist-packages/yolo_msgs/msg/_key_point3_d_s.c\n'}
[48.344284] (yolo_msgs) StdoutLine: {'line': b'-- Installing: /home/user/ros2_ws/install/yolo_msgs/local/lib/python3.10/dist-packages/yolo_msgs/msg/_pose2_d_s.c\n'}
[48.344383] (yolo_msgs) StdoutLine: {'line': b'-- Installing: /home/user/ros2_ws/install/yolo_msgs/local/lib/python3.10/dist-packages/yolo_msgs/msg/_bounding_box3_d.py\n'}
[48.344474] (yolo_msgs) StdoutLine: {'line': b'-- Installing: /home/user/ros2_ws/install/yolo_msgs/local/lib/python3.10/dist-packages/yolo_msgs/libyolo_msgs__rosidl_generator_py.so\n'}
[48.344635] (yolo_msgs) StdoutLine: {'line': b'-- Installing: /home/user/ros2_ws/install/yolo_msgs/local/lib/python3.10/dist-packages/yolo_msgs/yolo_msgs_s__rosidl_typesupport_fastrtps_c.cpython-310-x86_64-linux-gnu.so\n'}
[48.344876] (yolo_msgs) StdoutLine: {'line': b'-- Installing: /home/user/ros2_ws/install/yolo_msgs/local/lib/python3.10/dist-packages/yolo_msgs/yolo_msgs_s__rosidl_typesupport_c.cpython-310-x86_64-linux-gnu.so\n'}
[48.345121] (yolo_msgs) StdoutLine: {'line': b'-- Installing: /home/user/ros2_ws/install/yolo_msgs/local/lib/python3.10/dist-packages/yolo_msgs/__init__.py\n'}
[48.345239] (yolo_msgs) StdoutLine: {'line': b'-- Installing: /home/user/ros2_ws/install/yolo_msgs/local/lib/python3.10/dist-packages/yolo_msgs/yolo_msgs_s__rosidl_typesupport_introspection_c.cpython-310-x86_64-linux-gnu.so\n'}
[48.345404] (yolo_msgs) StdoutLine: {'line': b'-- Installing: /home/user/ros2_ws/install/yolo_msgs/local/lib/python3.10/dist-packages/yolo_msgs/_yolo_msgs_s.ep.rosidl_typesupport_fastrtps_c.c\n'}
[48.345634] (yolo_msgs) StdoutLine: {'line': b'-- Installing: /home/user/ros2_ws/install/yolo_msgs/local/lib/python3.10/dist-packages/yolo_msgs/_yolo_msgs_s.ep.rosidl_typesupport_c.c\n'}
[48.345908] (yolo_msgs) StdoutLine: {'line': b'-- Installing: /home/user/ros2_ws/install/yolo_msgs/local/lib/python3.10/dist-packages/yolo_msgs/_yolo_msgs_s.ep.rosidl_typesupport_introspection_c.c\n'}
[48.395845] (yolo_msgs) StdoutLine: {'line': b"Listing '/home/user/ros2_ws/install/yolo_msgs/local/lib/python3.10/dist-packages/yolo_msgs'...\n"}
[48.396104] (yolo_msgs) StdoutLine: {'line': b"Compiling '/home/user/ros2_ws/install/yolo_msgs/local/lib/python3.10/dist-packages/yolo_msgs/__init__.py'...\n"}
[48.396257] (yolo_msgs) StdoutLine: {'line': b"Listing '/home/user/ros2_ws/install/yolo_msgs/local/lib/python3.10/dist-packages/yolo_msgs/msg'...\n"}
[48.396371] (yolo_msgs) StdoutLine: {'line': b"Compiling '/home/user/ros2_ws/install/yolo_msgs/local/lib/python3.10/dist-packages/yolo_msgs/msg/__init__.py'...\n"}
[48.396479] (yolo_msgs) StdoutLine: {'line': b"Compiling '/home/user/ros2_ws/install/yolo_msgs/local/lib/python3.10/dist-packages/yolo_msgs/msg/_bounding_box2_d.py'...\n"}
[48.396591] (yolo_msgs) StdoutLine: {'line': b"Compiling '/home/user/ros2_ws/install/yolo_msgs/local/lib/python3.10/dist-packages/yolo_msgs/msg/_bounding_box3_d.py'...\n"}
[48.396708] (yolo_msgs) StdoutLine: {'line': b"Compiling '/home/user/ros2_ws/install/yolo_msgs/local/lib/python3.10/dist-packages/yolo_msgs/msg/_detection.py'...\n"}
[48.396813] (yolo_msgs) StdoutLine: {'line': b"Compiling '/home/user/ros2_ws/install/yolo_msgs/local/lib/python3.10/dist-packages/yolo_msgs/msg/_detection_array.py'...\n"}
[48.396919] (yolo_msgs) StdoutLine: {'line': b"Compiling '/home/user/ros2_ws/install/yolo_msgs/local/lib/python3.10/dist-packages/yolo_msgs/msg/_key_point2_d.py'...\n"}
[48.397027] (yolo_msgs) StdoutLine: {'line': b"Compiling '/home/user/ros2_ws/install/yolo_msgs/local/lib/python3.10/dist-packages/yolo_msgs/msg/_key_point2_d_array.py'...\n"}
[48.397165] (yolo_msgs) StdoutLine: {'line': b"Compiling '/home/user/ros2_ws/install/yolo_msgs/local/lib/python3.10/dist-packages/yolo_msgs/msg/_key_point3_d.py'...\n"}
[48.397301] (yolo_msgs) StdoutLine: {'line': b"Compiling '/home/user/ros2_ws/install/yolo_msgs/local/lib/python3.10/dist-packages/yolo_msgs/msg/_key_point3_d_array.py'...\n"}
[48.397483] (yolo_msgs) StdoutLine: {'line': b"Compiling '/home/user/ros2_ws/install/yolo_msgs/local/lib/python3.10/dist-packages/yolo_msgs/msg/_mask.py'...\n"}
[48.397604] (yolo_msgs) StdoutLine: {'line': b"Compiling '/home/user/ros2_ws/install/yolo_msgs/local/lib/python3.10/dist-packages/yolo_msgs/msg/_point2_d.py'...\n"}
[48.397740] (yolo_msgs) StdoutLine: {'line': b"Compiling '/home/user/ros2_ws/install/yolo_msgs/local/lib/python3.10/dist-packages/yolo_msgs/msg/_pose2_d.py'...\n"}
[48.397890] (yolo_msgs) StdoutLine: {'line': b"Compiling '/home/user/ros2_ws/install/yolo_msgs/local/lib/python3.10/dist-packages/yolo_msgs/msg/_vector2.py'...\n"}
[48.398031] (yolo_msgs) StdoutLine: {'line': b"Listing '/home/user/ros2_ws/install/yolo_msgs/local/lib/python3.10/dist-packages/yolo_msgs/srv'...\n"}
[48.398167] (yolo_msgs) StdoutLine: {'line': b"Compiling '/home/user/ros2_ws/install/yolo_msgs/local/lib/python3.10/dist-packages/yolo_msgs/srv/__init__.py'...\n"}
[48.398282] (yolo_msgs) StdoutLine: {'line': b"Compiling '/home/user/ros2_ws/install/yolo_msgs/local/lib/python3.10/dist-packages/yolo_msgs/srv/_set_classes.py'...\n"}
[48.402363] (yolo_msgs) StdoutLine: {'line': b'-- Installing: /home/user/ros2_ws/install/yolo_msgs/local/lib/python3.10/dist-packages/yolo_msgs/yolo_msgs_s__rosidl_typesupport_fastrtps_c.cpython-310-x86_64-linux-gnu.so\n'}
[48.402977] (yolo_msgs) StdoutLine: {'line': b'-- Set runtime path of "/home/user/ros2_ws/install/yolo_msgs/local/lib/python3.10/dist-packages/yolo_msgs/yolo_msgs_s__rosidl_typesupport_fastrtps_c.cpython-310-x86_64-linux-gnu.so" to ""\n'}
[48.403259] (yolo_msgs) StdoutLine: {'line': b'-- Installing: /home/user/ros2_ws/install/yolo_msgs/local/lib/python3.10/dist-packages/yolo_msgs/yolo_msgs_s__rosidl_typesupport_introspection_c.cpython-310-x86_64-linux-gnu.so\n'}
[48.403854] (yolo_msgs) StdoutLine: {'line': b'-- Set runtime path of "/home/user/ros2_ws/install/yolo_msgs/local/lib/python3.10/dist-packages/yolo_msgs/yolo_msgs_s__rosidl_typesupport_introspection_c.cpython-310-x86_64-linux-gnu.so" to ""\n'}
[48.404138] (yolo_msgs) StdoutLine: {'line': b'-- Installing: /home/user/ros2_ws/install/yolo_msgs/local/lib/python3.10/dist-packages/yolo_msgs/yolo_msgs_s__rosidl_typesupport_c.cpython-310-x86_64-linux-gnu.so\n'}
[48.405043] (yolo_msgs) StdoutLine: {'line': b'-- Set runtime path of "/home/user/ros2_ws/install/yolo_msgs/local/lib/python3.10/dist-packages/yolo_msgs/yolo_msgs_s__rosidl_typesupport_c.cpython-310-x86_64-linux-gnu.so" to ""\n'}
[48.405181] (yolo_msgs) StdoutLine: {'line': b'-- Installing: /home/user/ros2_ws/install/yolo_msgs/lib/libyolo_msgs__rosidl_generator_py.so\n'}
[48.405457] (yolo_msgs) StdoutLine: {'line': b'-- Set runtime path of "/home/user/ros2_ws/install/yolo_msgs/lib/libyolo_msgs__rosidl_generator_py.so" to ""\n'}
[48.405657] (yolo_msgs) StdoutLine: {'line': b'-- Installing: /home/user/ros2_ws/install/yolo_msgs/share/yolo_msgs/msg/Point2D.idl\n'}
[48.405820] (yolo_msgs) StdoutLine: {'line': b'-- Installing: /home/user/ros2_ws/install/yolo_msgs/share/yolo_msgs/msg/Vector2.idl\n'}
[48.406019] (yolo_msgs) StdoutLine: {'line': b'-- Installing: /home/user/ros2_ws/install/yolo_msgs/share/yolo_msgs/msg/Pose2D.idl\n'}
[48.406543] (yolo_msgs) StdoutLine: {'line': b'-- Installing: /home/user/ros2_ws/install/yolo_msgs/share/yolo_msgs/msg/BoundingBox2D.idl\n'}
[48.406686] (yolo_msgs) StdoutLine: {'line': b'-- Installing: /home/user/ros2_ws/install/yolo_msgs/share/yolo_msgs/msg/BoundingBox3D.idl\n'}
[48.406763] (yolo_msgs) StdoutLine: {'line': b'-- Installing: /home/user/ros2_ws/install/yolo_msgs/share/yolo_msgs/msg/Mask.idl\n'}
[48.406876] (yolo_msgs) StdoutLine: {'line': b'-- Installing: /home/user/ros2_ws/install/yolo_msgs/share/yolo_msgs/msg/KeyPoint2D.idl\n'}
[48.407115] (yolo_msgs) StdoutLine: {'line': b'-- Installing: /home/user/ros2_ws/install/yolo_msgs/share/yolo_msgs/msg/KeyPoint2DArray.idl\n'}
[48.407310] (yolo_msgs) StdoutLine: {'line': b'-- Installing: /home/user/ros2_ws/install/yolo_msgs/share/yolo_msgs/msg/KeyPoint3D.idl\n'}
[48.407509] (yolo_msgs) StdoutLine: {'line': b'-- Installing: /home/user/ros2_ws/install/yolo_msgs/share/yolo_msgs/msg/KeyPoint3DArray.idl\n'}
[48.407707] (yolo_msgs) StdoutLine: {'line': b'-- Installing: /home/user/ros2_ws/install/yolo_msgs/share/yolo_msgs/msg/Detection.idl\n'}
[48.407956] (yolo_msgs) StdoutLine: {'line': b'-- Installing: /home/user/ros2_ws/install/yolo_msgs/share/yolo_msgs/msg/DetectionArray.idl\n'}
[48.415635] (yolo_msgs) StdoutLine: {'line': b'-- Installing: /home/user/ros2_ws/install/yolo_msgs/share/yolo_msgs/srv/SetClasses.idl\n'}
[48.417458] (yolo_msgs) StdoutLine: {'line': b'-- Installing: /home/user/ros2_ws/install/yolo_msgs/share/yolo_msgs/msg/Point2D.msg\n'}
[48.417905] (yolo_msgs) StdoutLine: {'line': b'-- Installing: /home/user/ros2_ws/install/yolo_msgs/share/yolo_msgs/msg/Vector2.msg\n'}
[48.418047] (yolo_msgs) StdoutLine: {'line': b'-- Installing: /home/user/ros2_ws/install/yolo_msgs/share/yolo_msgs/msg/Pose2D.msg\n'}
[48.419468] (yolo_msgs) StdoutLine: {'line': b'-- Installing: /home/user/ros2_ws/install/yolo_msgs/share/yolo_msgs/msg/BoundingBox2D.msg\n'}
[48.420040] (yolo_msgs) StdoutLine: {'line': b'-- Installing: /home/user/ros2_ws/install/yolo_msgs/share/yolo_msgs/msg/BoundingBox3D.msg\n'}
[48.420576] (yolo_msgs) StdoutLine: {'line': b'-- Installing: /home/user/ros2_ws/install/yolo_msgs/share/yolo_msgs/msg/Mask.msg\n'}
[48.421337] (yolo_msgs) StdoutLine: {'line': b'-- Installing: /home/user/ros2_ws/install/yolo_msgs/share/yolo_msgs/msg/KeyPoint2D.msg\n'}
[48.421757] (yolo_msgs) StdoutLine: {'line': b'-- Installing: /home/user/ros2_ws/install/yolo_msgs/share/yolo_msgs/msg/KeyPoint2DArray.msg\n'}
[48.422509] (-) TimerEvent: {}
[48.423256] (yolo_msgs) StdoutLine: {'line': b'-- Installing: /home/user/ros2_ws/install/yolo_msgs/share/yolo_msgs/msg/KeyPoint3D.msg\n'}
[48.423405] (yolo_msgs) StdoutLine: {'line': b'-- Installing: /home/user/ros2_ws/install/yolo_msgs/share/yolo_msgs/msg/KeyPoint3DArray.msg\n'}
[48.423543] (yolo_msgs) StdoutLine: {'line': b'-- Installing: /home/user/ros2_ws/install/yolo_msgs/share/yolo_msgs/msg/Detection.msg\n'}
[48.423705] (yolo_msgs) StdoutLine: {'line': b'-- Installing: /home/user/ros2_ws/install/yolo_msgs/share/yolo_msgs/msg/DetectionArray.msg\n'}
[48.423784] (yolo_msgs) StdoutLine: {'line': b'-- Installing: /home/user/ros2_ws/install/yolo_msgs/share/yolo_msgs/srv/SetClasses.srv\n'}
[48.423860] (yolo_msgs) StdoutLine: {'line': b'-- Installing: /home/user/ros2_ws/install/yolo_msgs/share/yolo_msgs/srv/SetClasses_Request.msg\n'}
[48.423941] (yolo_msgs) StdoutLine: {'line': b'-- Installing: /home/user/ros2_ws/install/yolo_msgs/share/yolo_msgs/srv/SetClasses_Response.msg\n'}
[48.424013] (yolo_msgs) StdoutLine: {'line': b'-- Installing: /home/user/ros2_ws/install/yolo_msgs/share/ament_index/resource_index/package_run_dependencies/yolo_msgs\n'}
[48.424115] (yolo_msgs) StdoutLine: {'line': b'-- Installing: /home/user/ros2_ws/install/yolo_msgs/share/ament_index/resource_index/parent_prefix_path/yolo_msgs\n'}
[48.424262] (yolo_msgs) StdoutLine: {'line': b'-- Installing: /home/user/ros2_ws/install/yolo_msgs/share/yolo_msgs/environment/ament_prefix_path.sh\n'}
[48.424436] (yolo_msgs) StdoutLine: {'line': b'-- Installing: /home/user/ros2_ws/install/yolo_msgs/share/yolo_msgs/environment/ament_prefix_path.dsv\n'}
[48.424569] (yolo_msgs) StdoutLine: {'line': b'-- Installing: /home/user/ros2_ws/install/yolo_msgs/share/yolo_msgs/environment/path.sh\n'}
[48.424679] (yolo_msgs) StdoutLine: {'line': b'-- Installing: /home/user/ros2_ws/install/yolo_msgs/share/yolo_msgs/environment/path.dsv\n'}
[48.424789] (yolo_msgs) StdoutLine: {'line': b'-- Installing: /home/user/ros2_ws/install/yolo_msgs/share/yolo_msgs/local_setup.bash\n'}
[48.424903] (yolo_msgs) StdoutLine: {'line': b'-- Installing: /home/user/ros2_ws/install/yolo_msgs/share/yolo_msgs/local_setup.sh\n'}
[48.425013] (yolo_msgs) StdoutLine: {'line': b'-- Installing: /home/user/ros2_ws/install/yolo_msgs/share/yolo_msgs/local_setup.zsh\n'}
[48.425124] (yolo_msgs) StdoutLine: {'line': b'-- Installing: /home/user/ros2_ws/install/yolo_msgs/share/yolo_msgs/local_setup.dsv\n'}
[48.425233] (yolo_msgs) StdoutLine: {'line': b'-- Installing: /home/user/ros2_ws/install/yolo_msgs/share/yolo_msgs/package.dsv\n'}
[48.425366] (yolo_msgs) StdoutLine: {'line': b'-- Installing: /home/user/ros2_ws/install/yolo_msgs/share/ament_index/resource_index/packages/yolo_msgs\n'}
[48.425479] (yolo_msgs) StdoutLine: {'line': b'-- Installing: /home/user/ros2_ws/install/yolo_msgs/share/yolo_msgs/cmake/export_yolo_msgs__rosidl_generator_cExport.cmake\n'}
[48.425587] (yolo_msgs) StdoutLine: {'line': b'-- Installing: /home/user/ros2_ws/install/yolo_msgs/share/yolo_msgs/cmake/export_yolo_msgs__rosidl_generator_cExport-noconfig.cmake\n'}
[48.425682] (yolo_msgs) StdoutLine: {'line': b'-- Installing: /home/user/ros2_ws/install/yolo_msgs/share/yolo_msgs/cmake/export_yolo_msgs__rosidl_typesupport_fastrtps_cExport.cmake\n'}
[48.425785] (yolo_msgs) StdoutLine: {'line': b'-- Installing: /home/user/ros2_ws/install/yolo_msgs/share/yolo_msgs/cmake/export_yolo_msgs__rosidl_typesupport_fastrtps_cExport-noconfig.cmake\n'}
[48.425909] (yolo_msgs) StdoutLine: {'line': b'-- Installing: /home/user/ros2_ws/install/yolo_msgs/share/yolo_msgs/cmake/yolo_msgs__rosidl_typesupport_introspection_cExport.cmake\n'}
[48.426013] (yolo_msgs) StdoutLine: {'line': b'-- Installing: /home/user/ros2_ws/install/yolo_msgs/share/yolo_msgs/cmake/yolo_msgs__rosidl_typesupport_introspection_cExport-noconfig.cmake\n'}
[48.426121] (yolo_msgs) StdoutLine: {'line': b'-- Installing: /home/user/ros2_ws/install/yolo_msgs/share/yolo_msgs/cmake/yolo_msgs__rosidl_typesupport_cExport.cmake\n'}
[48.426228] (yolo_msgs) StdoutLine: {'line': b'-- Installing: /home/user/ros2_ws/install/yolo_msgs/share/yolo_msgs/cmake/yolo_msgs__rosidl_typesupport_cExport-noconfig.cmake\n'}
[48.426334] (yolo_msgs) StdoutLine: {'line': b'-- Installing: /home/user/ros2_ws/install/yolo_msgs/share/yolo_msgs/cmake/export_yolo_msgs__rosidl_generator_cppExport.cmake\n'}
[48.426444] (yolo_msgs) StdoutLine: {'line': b'-- Installing: /home/user/ros2_ws/install/yolo_msgs/share/yolo_msgs/cmake/export_yolo_msgs__rosidl_typesupport_fastrtps_cppExport.cmake\n'}
[48.426542] (yolo_msgs) StdoutLine: {'line': b'-- Installing: /home/user/ros2_ws/install/yolo_msgs/share/yolo_msgs/cmake/export_yolo_msgs__rosidl_typesupport_fastrtps_cppExport-noconfig.cmake\n'}
[48.426628] (yolo_msgs) StdoutLine: {'line': b'-- Installing: /home/user/ros2_ws/install/yolo_msgs/share/yolo_msgs/cmake/yolo_msgs__rosidl_typesupport_introspection_cppExport.cmake\n'}
[48.426816] (yolo_msgs) StdoutLine: {'line': b'-- Installing: /home/user/ros2_ws/install/yolo_msgs/share/yolo_msgs/cmake/yolo_msgs__rosidl_typesupport_introspection_cppExport-noconfig.cmake\n'}
[48.427035] (yolo_msgs) StdoutLine: {'line': b'-- Installing: /home/user/ros2_ws/install/yolo_msgs/share/yolo_msgs/cmake/yolo_msgs__rosidl_typesupport_cppExport.cmake\n'}
[48.427283] (yolo_msgs) StdoutLine: {'line': b'-- Installing: /home/user/ros2_ws/install/yolo_msgs/share/yolo_msgs/cmake/yolo_msgs__rosidl_typesupport_cppExport-noconfig.cmake\n'}
[48.427408] (yolo_msgs) StdoutLine: {'line': b'-- Installing: /home/user/ros2_ws/install/yolo_msgs/share/yolo_msgs/cmake/export_yolo_msgs__rosidl_generator_pyExport.cmake\n'}
[48.427523] (yolo_msgs) StdoutLine: {'line': b'-- Installing: /home/user/ros2_ws/install/yolo_msgs/share/yolo_msgs/cmake/export_yolo_msgs__rosidl_generator_pyExport-noconfig.cmake\n'}
[48.427636] (yolo_msgs) StdoutLine: {'line': b'-- Installing: /home/user/ros2_ws/install/yolo_msgs/share/yolo_msgs/cmake/rosidl_cmake-extras.cmake\n'}
[48.427749] (yolo_msgs) StdoutLine: {'line': b'-- Installing: /home/user/ros2_ws/install/yolo_msgs/share/yolo_msgs/cmake/ament_cmake_export_dependencies-extras.cmake\n'}
[48.427867] (yolo_msgs) StdoutLine: {'line': b'-- Installing: /home/user/ros2_ws/install/yolo_msgs/share/yolo_msgs/cmake/ament_cmake_export_include_directories-extras.cmake\n'}
[48.427978] (yolo_msgs) StdoutLine: {'line': b'-- Installing: /home/user/ros2_ws/install/yolo_msgs/share/yolo_msgs/cmake/ament_cmake_export_libraries-extras.cmake\n'}
[48.428630] (yolo_msgs) StdoutLine: {'line': b'-- Installing: /home/user/ros2_ws/install/yolo_msgs/share/yolo_msgs/cmake/ament_cmake_export_targets-extras.cmake\n'}
[48.429761] (yolo_msgs) StdoutLine: {'line': b'-- Installing: /home/user/ros2_ws/install/yolo_msgs/share/yolo_msgs/cmake/rosidl_cmake_export_typesupport_targets-extras.cmake\n'}
[48.429897] (yolo_msgs) StdoutLine: {'line': b'-- Installing: /home/user/ros2_ws/install/yolo_msgs/share/yolo_msgs/cmake/rosidl_cmake_export_typesupport_libraries-extras.cmake\n'}
[48.430018] (yolo_msgs) StdoutLine: {'line': b'-- Installing: /home/user/ros2_ws/install/yolo_msgs/share/yolo_msgs/cmake/yolo_msgsConfig.cmake\n'}
[48.430416] (yolo_msgs) StdoutLine: {'line': b'-- Installing: /home/user/ros2_ws/install/yolo_msgs/share/yolo_msgs/cmake/yolo_msgsConfig-version.cmake\n'}
[48.430541] (yolo_msgs) StdoutLine: {'line': b'-- Installing: /home/user/ros2_ws/install/yolo_msgs/share/yolo_msgs/package.xml\n'}
[48.430657] (yolo_msgs) CommandEnded: {'returncode': 0}
[48.469251] (yolo_msgs) JobEnded: {'identifier': 'yolo_msgs', 'rc': 0}
[48.470478] (yolo_ros) JobStarted: {'identifier': 'yolo_ros'}
[48.522636] (-) TimerEvent: {}
[48.622982] (-) TimerEvent: {}
[48.723293] (-) TimerEvent: {}
[48.823672] (-) TimerEvent: {}
[48.924033] (-) TimerEvent: {}
[49.024428] (-) TimerEvent: {}
[49.124838] (-) TimerEvent: {}
[49.225654] (-) TimerEvent: {}
[49.326021] (-) TimerEvent: {}
[49.426367] (-) TimerEvent: {}
[49.526760] (-) TimerEvent: {}
[49.627105] (-) TimerEvent: {}
[49.727460] (-) TimerEvent: {}
[49.828011] (-) TimerEvent: {}
[49.928374] (-) TimerEvent: {}
[50.028833] (-) TimerEvent: {}
[50.129197] (-) TimerEvent: {}
[50.229631] (-) TimerEvent: {}
[50.329988] (-) TimerEvent: {}
[50.430285] (-) TimerEvent: {}
[50.530622] (-) TimerEvent: {}
[50.630989] (-) TimerEvent: {}
[50.731315] (-) TimerEvent: {}
[50.831666] (-) TimerEvent: {}
[50.931995] (-) TimerEvent: {}
[51.032366] (-) TimerEvent: {}
[51.132746] (-) TimerEvent: {}
[51.233096] (-) TimerEvent: {}
[51.268593] (yolo_ros) Command: {'cmd': ['/usr/bin/python3', '-W', 'ignore:setup.py install is deprecated', '-W', 'ignore:easy_install command is deprecated', 'setup.py', 'egg_info', '--egg-base', '../../../build/yolo_ros', 'build', '--build-base', '/home/user/ros2_ws/build/yolo_ros/build', 'install', '--record', '/home/user/ros2_ws/build/yolo_ros/install.log', '--single-version-externally-managed', 'install_data'], 'cwd': '/home/user/ros2_ws/src/yolo_ros/yolo_ros', 'env': {'ROS_VERSION': '2', 'NVIDIA_VISIBLE_DEVICES': 'all', 'GAZEBO_MASTER_URI': 'http://3_xterm:11345', 'ROS_PYTHON_VERSION': '3', 'HOSTNAME': '3_xterm', 'ROBOT_HOSTNAME': '', 'PWD': '/home/user/ros2_ws/build/yolo_ros', 'PORT': '4000', 'NVIDIA_DRIVER_CAPABILITIES': 'all', 'ROS_IP': '', 'HOME': '/home/user', 'GAZEBO_PLUGIN_PATH': '/usr/lib/x86_64-linux-gnu/gazebo-11/plugins:/usr/lib/x86_64-linux-gnu/gazebo-11/plugins:', 'LANG': 'en_US.UTF-8', 'GAZEBO_MODEL_DATABASE_URI': 'http://models.gazebosim.org', 'LS_COLORS': 'rs=0:di=01;34:ln=01;36:mh=00:pi=40;33:so=01;35:do=01;35:bd=40;33;01:cd=40;33;01:or=40;31;01:mi=00:su=37;41:sg=30;43:ca=30;41:tw=30;42:ow=34;42:st=37;44:ex=01;32:*.tar=01;31:*.tgz=01;31:*.arc=01;31:*.arj=01;31:*.taz=01;31:*.lha=01;31:*.lz4=01;31:*.lzh=01;31:*.lzma=01;31:*.tlz=01;31:*.txz=01;31:*.tzo=01;31:*.t7z=01;31:*.zip=01;31:*.z=01;31:*.dz=01;31:*.gz=01;31:*.lrz=01;31:*.lz=01;31:*.lzo=01;31:*.xz=01;31:*.zst=01;31:*.tzst=01;31:*.bz2=01;31:*.bz=01;31:*.tbz=01;31:*.tbz2=01;31:*.tz=01;31:*.deb=01;31:*.rpm=01;31:*.jar=01;31:*.war=01;31:*.ear=01;31:*.sar=01;31:*.rar=01;31:*.alz=01;31:*.ace=01;31:*.zoo=01;31:*.cpio=01;31:*.7z=01;31:*.rz=01;31:*.cab=01;31:*.wim=01;31:*.swm=01;31:*.dwm=01;31:*.esd=01;31:*.jpg=01;35:*.jpeg=01;35:*.mjpg=01;35:*.mjpeg=01;35:*.gif=01;35:*.bmp=01;35:*.pbm=01;35:*.pgm=01;35:*.ppm=01;35:*.tga=01;35:*.xbm=01;35:*.xpm=01;35:*.tif=01;35:*.tiff=01;35:*.png=01;35:*.svg=01;35:*.svgz=01;35:*.mng=01;35:*.pcx=01;35:*.mov=01;35:*.mpg=01;35:*.mpeg=01;35:*.m2v=01;35:*.mkv=01;35:*.webm=01;35:*.webp=01;35:*.ogm=01;35:*.mp4=01;35:*.m4v=01;35:*.mp4v=01;35:*.vob=01;35:*.qt=01;35:*.nuv=01;35:*.wmv=01;35:*.asf=01;35:*.rm=01;35:*.rmvb=01;35:*.flc=01;35:*.avi=01;35:*.fli=01;35:*.flv=01;35:*.gl=01;35:*.dl=01;35:*.xcf=01;35:*.xwd=01;35:*.yuv=01;35:*.cgm=01;35:*.emf=01;35:*.ogv=01;35:*.ogx=01;35:*.aac=00;36:*.au=00;36:*.flac=00;36:*.m4a=00;36:*.mid=00;36:*.midi=00;36:*.mka=00;36:*.mp3=00;36:*.mpc=00;36:*.ogg=00;36:*.ra=00;36:*.wav=00;36:*.oga=00;36:*.opus=00;36:*.spx=00;36:*.xspf=00;36:', 'AMENT_PREFIX_PATH': '/home/user/ros2_ws/install/yolo_msgs:/home/user/ros2_ws/install/deepmind_bot_trajectory_sender:/home/user/ros2_ws/install/deepmind_bot_navigation:/home/user/ros2_ws/install/deepmind_bot_gazebo:/home/user/ros2_ws/install/deepmind_bot_description:/home/user/ros2_ws/install/custom_msgs:/home/user/ros2_ws/install/advanced_perception:/opt/ros/humble', 'CMAKE_PREFIX_PATH': '/home/user/ros2_ws/install/yolo_msgs:/home/user/ros2_ws/install/deepmind_bot_trajectory_sender:/home/user/ros2_ws/install/deepmind_bot_navigation:/home/user/ros2_ws/install/deepmind_bot_gazebo:/home/user/ros2_ws/install/deepmind_bot_description:/home/user/ros2_ws/install/custom_msgs', 'GAZEBO_RESOURCE_PATH': '/usr/share/gazebo-11:/usr/share/gazebo-11:/usr/share/gazebo', 'COLCON_PREFIX_PATH': '/home/simulations/ros2_sims_ws/install:/home/user/ros2_ws/install', 'GAZEBO_MASTER_PORT': '11345', 'NVM_DIR': '/usr/local/share/shell/.nvm', 'LESSCLOSE': '/usr/bin/lesspipe %s %s', 'PYTHONPATH': '/home/user/ros2_ws/build/yolo_ros/prefix_override:/usr/lib/python3/dist-packages/colcon_core/task/python/colcon_distutils_commands:/home/user/ros2_ws/install/yolo_ros/lib/python3.10/site-packages:/home/user/ros2_ws/install/yolo_msgs/local/lib/python3.10/dist-packages:/home/user/ros2_ws/install/custom_msgs/local/lib/python3.10/dist-packages:/home/user/ros2_ws/install/advanced_perception/lib/python3.10/site-packages:/opt/ros/humble/lib/python3.10/site-packages:/opt/ros/humble/local/lib/python3.10/dist-packages:/home/simulations/public_sim_ws/src/all/ros_basics_examples/python_course_class:/home/simulations/public_sim_ws/src/ros_basics_examples/python_course_class:/home/simulations/public_sim_ws/src/all/kinematics_course_utils/kinematics', 'COLCON': '1', 'TERM': 'xterm-color', 'LESSOPEN': '| /usr/bin/lesspipe %s', 'SNAPCRAFT_BUILD_ENVIRONMENT': 'host', 'GAZEBO_MASTER_HOSTNAME': '3_xterm', 'DISPLAY': ':1', 'SHLVL': '2', 'NVM_CD_FLAGS': '', 'ROS_MASTER_URI': 'http://3_xterm:11311', 'ROS_HOSTNAME': '3_xterm', 'LD_LIBRARY_PATH': '/home/user/ros2_ws/install/yolo_msgs/lib:/usr/local/cuda-10.2/lib64:/home/user/.catkin_ws_python3/src/TensorRT-7.0.0.11/lib:/home/user/ros2_ws/install/custom_msgs/lib:/opt/ros/humble/opt/rviz_ogre_vendor/lib:/opt/ros/humble/lib/x86_64-linux-gnu:/opt/ros/humble/lib:/usr/local/cuda-10.2/lib64:/home/user/.catkin_ws_python3/src/TensorRT-7.0.0.11/lib:/usr/lib/x86_64-linux-gnu/gazebo-11/plugins:/usr/lib/x86_64-linux-gnu/gazebo-11/plugins:/usr/lib/x86_64-linux-gnu/gazebo-11/plugins', 'ROS_LOCALHOST_ONLY': '0', 'SLOT_SHELL_START_ID': '999794', 'SLOT_PREFIX': 'fd482a6d-ceb5-43de-9987-811f8262270e', 'LC_ALL': 'C', 'SOURCE_ROS1_WS': '', 'GAZEBO_MODEL_PATH': '/usr/share/gazebo-11/models:/usr/share/gazebo-11/models:/usr/share/gazebo-9/models:/usr/share/gazebo/models_robox', 'SLOT_JENKINS_PORT': '25593', 'SLOT_SYSTEMD': 'False', 'PATH': '/opt/ros/humble/bin:/usr/local/share/shell/.nvm/versions/node/v8.17.0/bin:/usr/local/sbin:/usr/local/bin:/usr/sbin:/usr/bin:/sbin:/bin:/home/user/.cargo/bin:/home/user/.cargo/bin', 'SELECTED_ROS_DISTRO': 'humble', 'NVM_BIN': '/usr/local/share/shell/.nvm/versions/node/v8.17.0/bin', 'NODE_VERSION': 'v8.17.0', 'DEBIAN_FRONTEND': 'noninteractive', 'ROS_DISTRO': 'humble', 'GAZEBO_VERBOSE': '0', 'OGRE_RESOURCE_PATH': '/usr/lib/x86_64-linux-gnu/OGRE-1.9.0', 'OLDPWD': '/home/user/ros2_ws/src', 'SOURCE_ROS2_WS': 'True', 'SLOT_ROSBRIDGE_PORT': '20003', '_': '/usr/bin/env'}, 'shell': False}
[51.333216] (-) TimerEvent: {}
[51.433618] (-) TimerEvent: {}
[51.533994] (-) TimerEvent: {}
[51.634349] (-) TimerEvent: {}
[51.644944] (yolo_ros) StdoutLine: {'line': b'running egg_info\n'}
[51.664691] (yolo_ros) StdoutLine: {'line': b'creating ../../../build/yolo_ros/yolo_ros.egg-info\n'}
[51.664966] (yolo_ros) StdoutLine: {'line': b'writing ../../../build/yolo_ros/yolo_ros.egg-info/PKG-INFO\n'}
[51.665692] (yolo_ros) StdoutLine: {'line': b'writing dependency_links to ../../../build/yolo_ros/yolo_ros.egg-info/dependency_links.txt\n'}
[51.665987] (yolo_ros) StdoutLine: {'line': b'writing entry points to ../../../build/yolo_ros/yolo_ros.egg-info/entry_points.txt\n'}
[51.666349] (yolo_ros) StdoutLine: {'line': b'writing requirements to ../../../build/yolo_ros/yolo_ros.egg-info/requires.txt\n'}
[51.666553] (yolo_ros) StdoutLine: {'line': b'writing top-level names to ../../../build/yolo_ros/yolo_ros.egg-info/top_level.txt\n'}
[51.666739] (yolo_ros) StdoutLine: {'line': b"writing manifest file '../../../build/yolo_ros/yolo_ros.egg-info/SOURCES.txt'\n"}
[51.715309] (yolo_ros) StdoutLine: {'line': b"reading manifest file '../../../build/yolo_ros/yolo_ros.egg-info/SOURCES.txt'\n"}
[51.717210] (yolo_ros) StdoutLine: {'line': b"writing manifest file '../../../build/yolo_ros/yolo_ros.egg-info/SOURCES.txt'\n"}
[51.717527] (yolo_ros) StdoutLine: {'line': b'running build\n'}
[51.717705] (yolo_ros) StdoutLine: {'line': b'running build_py\n'}
[51.717962] (yolo_ros) StdoutLine: {'line': b'creating /home/user/ros2_ws/build/yolo_ros/build/lib/yolo_ros\n'}
[51.718243] (yolo_ros) StdoutLine: {'line': b'copying yolo_ros/detect_3d_node.py -> /home/user/ros2_ws/build/yolo_ros/build/lib/yolo_ros\n'}
[51.718666] (yolo_ros) StdoutLine: {'line': b'copying yolo_ros/yolo_node.py -> /home/user/ros2_ws/build/yolo_ros/build/lib/yolo_ros\n'}
[51.718972] (yolo_ros) StdoutLine: {'line': b'copying yolo_ros/debug_node.py -> /home/user/ros2_ws/build/yolo_ros/build/lib/yolo_ros\n'}
[51.719227] (yolo_ros) StdoutLine: {'line': b'copying yolo_ros/__init__.py -> /home/user/ros2_ws/build/yolo_ros/build/lib/yolo_ros\n'}
[51.719468] (yolo_ros) StdoutLine: {'line': b'copying yolo_ros/tracking_node.py -> /home/user/ros2_ws/build/yolo_ros/build/lib/yolo_ros\n'}
[51.719873] (yolo_ros) StdoutLine: {'line': b'running install\n'}
[51.725096] (yolo_ros) StdoutLine: {'line': b'running install_lib\n'}
[51.734440] (-) TimerEvent: {}
[51.749886] (yolo_ros) StdoutLine: {'line': b'creating /home/user/ros2_ws/install/yolo_ros/lib/python3.10/site-packages/yolo_ros\n'}
[51.750106] (yolo_ros) StdoutLine: {'line': b'copying /home/user/ros2_ws/build/yolo_ros/build/lib/yolo_ros/detect_3d_node.py -> /home/user/ros2_ws/install/yolo_ros/lib/python3.10/site-packages/yolo_ros\n'}
[51.750317] (yolo_ros) StdoutLine: {'line': b'copying /home/user/ros2_ws/build/yolo_ros/build/lib/yolo_ros/yolo_node.py -> /home/user/ros2_ws/install/yolo_ros/lib/python3.10/site-packages/yolo_ros\n'}
[51.750453] (yolo_ros) StdoutLine: {'line': b'copying /home/user/ros2_ws/build/yolo_ros/build/lib/yolo_ros/debug_node.py -> /home/user/ros2_ws/install/yolo_ros/lib/python3.10/site-packages/yolo_ros\n'}
[51.750557] (yolo_ros) StdoutLine: {'line': b'copying /home/user/ros2_ws/build/yolo_ros/build/lib/yolo_ros/__init__.py -> /home/user/ros2_ws/install/yolo_ros/lib/python3.10/site-packages/yolo_ros\n'}
[51.750661] (yolo_ros) StdoutLine: {'line': b'copying /home/user/ros2_ws/build/yolo_ros/build/lib/yolo_ros/tracking_node.py -> /home/user/ros2_ws/install/yolo_ros/lib/python3.10/site-packages/yolo_ros\n'}
[51.751284] (yolo_ros) StdoutLine: {'line': b'byte-compiling /home/user/ros2_ws/install/yolo_ros/lib/python3.10/site-packages/yolo_ros/detect_3d_node.py to detect_3d_node.cpython-310.pyc\n'}
[51.757253] (yolo_ros) StdoutLine: {'line': b'byte-compiling /home/user/ros2_ws/install/yolo_ros/lib/python3.10/site-packages/yolo_ros/yolo_node.py to yolo_node.cpython-310.pyc\n'}
[51.759303] (yolo_ros) StdoutLine: {'line': b'byte-compiling /home/user/ros2_ws/install/yolo_ros/lib/python3.10/site-packages/yolo_ros/debug_node.py to debug_node.cpython-310.pyc\n'}
[51.761750] (yolo_ros) StdoutLine: {'line': b'byte-compiling /home/user/ros2_ws/install/yolo_ros/lib/python3.10/site-packages/yolo_ros/__init__.py to __init__.cpython-310.pyc\n'}
[51.761971] (yolo_ros) StdoutLine: {'line': b'byte-compiling /home/user/ros2_ws/install/yolo_ros/lib/python3.10/site-packages/yolo_ros/tracking_node.py to tracking_node.cpython-310.pyc\n'}
[51.763120] (yolo_ros) StdoutLine: {'line': b'running install_data\n'}
[51.763386] (yolo_ros) StdoutLine: {'line': b'creating /home/user/ros2_ws/install/yolo_ros/share/ament_index/resource_index/packages\n'}
[51.763611] (yolo_ros) StdoutLine: {'line': b'copying resource/yolo_ros -> /home/user/ros2_ws/install/yolo_ros/share/ament_index/resource_index/packages\n'}
[51.763849] (yolo_ros) StdoutLine: {'line': b'copying package.xml -> /home/user/ros2_ws/install/yolo_ros/share/yolo_ros\n'}
[51.763974] (yolo_ros) StdoutLine: {'line': b'running install_egg_info\n'}
[51.785527] (yolo_ros) StdoutLine: {'line': b'Copying ../../../build/yolo_ros/yolo_ros.egg-info to /home/user/ros2_ws/install/yolo_ros/lib/python3.10/site-packages/yolo_ros-0.0.0-py3.10.egg-info\n'}
[51.786713] (yolo_ros) StdoutLine: {'line': b'running install_scripts\n'}
[51.834590] (-) TimerEvent: {}
[51.850026] (yolo_ros) StdoutLine: {'line': b'Installing debug_node script to /home/user/ros2_ws/install/yolo_ros/lib/yolo_ros\n'}
[51.850243] (yolo_ros) StdoutLine: {'line': b'Installing detect_3d_node script to /home/user/ros2_ws/install/yolo_ros/lib/yolo_ros\n'}
[51.850378] (yolo_ros) StdoutLine: {'line': b'Installing tracking_node script to /home/user/ros2_ws/install/yolo_ros/lib/yolo_ros\n'}
[51.850497] (yolo_ros) StdoutLine: {'line': b'Installing yolo_node script to /home/user/ros2_ws/install/yolo_ros/lib/yolo_ros\n'}
[51.850965] (yolo_ros) StdoutLine: {'line': b"writing list of installed files to '/home/user/ros2_ws/build/yolo_ros/install.log'\n"}
[51.878229] (yolo_ros) CommandEnded: {'returncode': 0}
[51.884854] (yolo_ros) JobEnded: {'identifier': 'yolo_ros', 'rc': 0}
[51.886714] (yolo_bringup) JobStarted: {'identifier': 'yolo_bringup'}
[51.900783] (yolo_bringup) JobProgress: {'identifier': 'yolo_bringup', 'progress': 'cmake'}
[51.908977] (yolo_bringup) Command: {'cmd': ['/usr/bin/cmake', '/home/user/ros2_ws/src/yolo_ros/yolo_bringup', '-DCMAKE_INSTALL_PREFIX=/home/user/ros2_ws/install/yolo_bringup'], 'cwd': '/home/user/ros2_ws/build/yolo_bringup', 'env': OrderedDict([('ROS_VERSION', '2'), ('NVIDIA_VISIBLE_DEVICES', 'all'), ('GAZEBO_MASTER_URI', 'http://3_xterm:11345'), ('ROS_PYTHON_VERSION', '3'), ('HOSTNAME', '3_xterm'), ('ROBOT_HOSTNAME', ''), ('PWD', '/home/user/ros2_ws/build/yolo_bringup'), ('PORT', '4000'), ('NVIDIA_DRIVER_CAPABILITIES', 'all'), ('ROS_IP', ''), ('HOME', '/home/user'), ('GAZEBO_PLUGIN_PATH', '/usr/lib/x86_64-linux-gnu/gazebo-11/plugins:/usr/lib/x86_64-linux-gnu/gazebo-11/plugins:'), ('LANG', 'en_US.UTF-8'), ('GAZEBO_MODEL_DATABASE_URI', 'http://models.gazebosim.org'), ('LS_COLORS', 'rs=0:di=01;34:ln=01;36:mh=00:pi=40;33:so=01;35:do=01;35:bd=40;33;01:cd=40;33;01:or=40;31;01:mi=00:su=37;41:sg=30;43:ca=30;41:tw=30;42:ow=34;42:st=37;44:ex=01;32:*.tar=01;31:*.tgz=01;31:*.arc=01;31:*.arj=01;31:*.taz=01;31:*.lha=01;31:*.lz4=01;31:*.lzh=01;31:*.lzma=01;31:*.tlz=01;31:*.txz=01;31:*.tzo=01;31:*.t7z=01;31:*.zip=01;31:*.z=01;31:*.dz=01;31:*.gz=01;31:*.lrz=01;31:*.lz=01;31:*.lzo=01;31:*.xz=01;31:*.zst=01;31:*.tzst=01;31:*.bz2=01;31:*.bz=01;31:*.tbz=01;31:*.tbz2=01;31:*.tz=01;31:*.deb=01;31:*.rpm=01;31:*.jar=01;31:*.war=01;31:*.ear=01;31:*.sar=01;31:*.rar=01;31:*.alz=01;31:*.ace=01;31:*.zoo=01;31:*.cpio=01;31:*.7z=01;31:*.rz=01;31:*.cab=01;31:*.wim=01;31:*.swm=01;31:*.dwm=01;31:*.esd=01;31:*.jpg=01;35:*.jpeg=01;35:*.mjpg=01;35:*.mjpeg=01;35:*.gif=01;35:*.bmp=01;35:*.pbm=01;35:*.pgm=01;35:*.ppm=01;35:*.tga=01;35:*.xbm=01;35:*.xpm=01;35:*.tif=01;35:*.tiff=01;35:*.png=01;35:*.svg=01;35:*.svgz=01;35:*.mng=01;35:*.pcx=01;35:*.mov=01;35:*.mpg=01;35:*.mpeg=01;35:*.m2v=01;35:*.mkv=01;35:*.webm=01;35:*.webp=01;35:*.ogm=01;35:*.mp4=01;35:*.m4v=01;35:*.mp4v=01;35:*.vob=01;35:*.qt=01;35:*.nuv=01;35:*.wmv=01;35:*.asf=01;35:*.rm=01;35:*.rmvb=01;35:*.flc=01;35:*.avi=01;35:*.fli=01;35:*.flv=01;35:*.gl=01;35:*.dl=01;35:*.xcf=01;35:*.xwd=01;35:*.yuv=01;35:*.cgm=01;35:*.emf=01;35:*.ogv=01;35:*.ogx=01;35:*.aac=00;36:*.au=00;36:*.flac=00;36:*.m4a=00;36:*.mid=00;36:*.midi=00;36:*.mka=00;36:*.mp3=00;36:*.mpc=00;36:*.ogg=00;36:*.ra=00;36:*.wav=00;36:*.oga=00;36:*.opus=00;36:*.spx=00;36:*.xspf=00;36:'), ('AMENT_PREFIX_PATH', '/home/user/ros2_ws/install/yolo_ros:/home/user/ros2_ws/install/yolo_msgs:/home/user/ros2_ws/install/deepmind_bot_trajectory_sender:/home/user/ros2_ws/install/deepmind_bot_navigation:/home/user/ros2_ws/install/deepmind_bot_gazebo:/home/user/ros2_ws/install/deepmind_bot_description:/home/user/ros2_ws/install/custom_msgs:/home/user/ros2_ws/install/advanced_perception:/opt/ros/humble'), ('CMAKE_PREFIX_PATH', '/home/user/ros2_ws/install/yolo_msgs:/home/user/ros2_ws/install/deepmind_bot_trajectory_sender:/home/user/ros2_ws/install/deepmind_bot_navigation:/home/user/ros2_ws/install/deepmind_bot_gazebo:/home/user/ros2_ws/install/deepmind_bot_description:/home/user/ros2_ws/install/custom_msgs:/home/user/ros2_ws/install/advanced_perception:/opt/ros/humble'), ('GAZEBO_RESOURCE_PATH', '/usr/share/gazebo-11:/usr/share/gazebo-11:/usr/share/gazebo'), ('COLCON_PREFIX_PATH', '/home/simulations/ros2_sims_ws/install:/home/user/ros2_ws/install'), ('GAZEBO_MASTER_PORT', '11345'), ('NVM_DIR', '/usr/local/share/shell/.nvm'), ('LESSCLOSE', '/usr/bin/lesspipe %s %s'), ('PYTHONPATH', '/home/user/ros2_ws/install/yolo_ros/lib/python3.10/site-packages:/home/user/ros2_ws/install/yolo_msgs/local/lib/python3.10/dist-packages:/home/user/ros2_ws/install/custom_msgs/local/lib/python3.10/dist-packages:/home/user/ros2_ws/install/advanced_perception/lib/python3.10/site-packages:/opt/ros/humble/lib/python3.10/site-packages:/opt/ros/humble/local/lib/python3.10/dist-packages:/home/simulations/public_sim_ws/src/all/ros_basics_examples/python_course_class:/home/simulations/public_sim_ws/src/ros_basics_examples/python_course_class:/home/simulations/public_sim_ws/src/all/kinematics_course_utils/kinematics'), ('COLCON', '1'), ('TERM', 'xterm-color'), ('LESSOPEN', '| /usr/bin/lesspipe %s'), ('SNAPCRAFT_BUILD_ENVIRONMENT', 'host'), ('GAZEBO_MASTER_HOSTNAME', '3_xterm'), ('DISPLAY', ':1'), ('SHLVL', '2'), ('NVM_CD_FLAGS', ''), ('ROS_MASTER_URI', 'http://3_xterm:11311'), ('ROS_HOSTNAME', '3_xterm'), ('LD_LIBRARY_PATH', '/home/user/ros2_ws/install/yolo_msgs/lib:/usr/local/cuda-10.2/lib64:/home/user/.catkin_ws_python3/src/TensorRT-7.0.0.11/lib:/home/user/ros2_ws/install/custom_msgs/lib:/opt/ros/humble/opt/rviz_ogre_vendor/lib:/opt/ros/humble/lib/x86_64-linux-gnu:/opt/ros/humble/lib:/usr/local/cuda-10.2/lib64:/home/user/.catkin_ws_python3/src/TensorRT-7.0.0.11/lib:/usr/lib/x86_64-linux-gnu/gazebo-11/plugins:/usr/lib/x86_64-linux-gnu/gazebo-11/plugins:/usr/lib/x86_64-linux-gnu/gazebo-11/plugins'), ('ROS_LOCALHOST_ONLY', '0'), ('SLOT_SHELL_START_ID', '999794'), ('SLOT_PREFIX', 'fd482a6d-ceb5-43de-9987-811f8262270e'), ('LC_ALL', 'C'), ('SOURCE_ROS1_WS', ''), ('GAZEBO_MODEL_PATH', '/usr/share/gazebo-11/models:/usr/share/gazebo-11/models:/usr/share/gazebo-9/models:/usr/share/gazebo/models_robox'), ('SLOT_JENKINS_PORT', '25593'), ('SLOT_SYSTEMD', 'False'), ('PATH', '/opt/ros/humble/bin:/usr/local/share/shell/.nvm/versions/node/v8.17.0/bin:/usr/local/sbin:/usr/local/bin:/usr/sbin:/usr/bin:/sbin:/bin:/home/user/.cargo/bin:/home/user/.cargo/bin'), ('SELECTED_ROS_DISTRO', 'humble'), ('NVM_BIN', '/usr/local/share/shell/.nvm/versions/node/v8.17.0/bin'), ('NODE_VERSION', 'v8.17.0'), ('DEBIAN_FRONTEND', 'noninteractive'), ('ROS_DISTRO', 'humble'), ('GAZEBO_VERBOSE', '0'), ('OGRE_RESOURCE_PATH', '/usr/lib/x86_64-linux-gnu/OGRE-1.9.0'), ('OLDPWD', '/home/user/ros2_ws/src'), ('SOURCE_ROS2_WS', 'True'), ('SLOT_ROSBRIDGE_PORT', '20003'), ('_', '/usr/bin/env')]), 'shell': False}
[51.934700] (-) TimerEvent: {}
[51.973386] (yolo_bringup) StdoutLine: {'line': b'-- The C compiler identification is GNU 11.4.0\n'}
[52.034489] (yolo_bringup) StdoutLine: {'line': b'-- The CXX compiler identification is GNU 11.4.0\n'}
[52.034693] (-) TimerEvent: {}
[52.044073] (yolo_bringup) StdoutLine: {'line': b'-- Detecting C compiler ABI info\n'}
[52.126786] (yolo_bringup) StdoutLine: {'line': b'-- Detecting C compiler ABI info - done\n'}
[52.134828] (-) TimerEvent: {}
[52.138071] (yolo_bringup) StdoutLine: {'line': b'-- Check for working C compiler: /usr/bin/cc - skipped\n'}
[52.138299] (yolo_bringup) StdoutLine: {'line': b'-- Detecting C compile features\n'}
[52.138714] (yolo_bringup) StdoutLine: {'line': b'-- Detecting C compile features - done\n'}
[52.141750] (yolo_bringup) StdoutLine: {'line': b'-- Detecting CXX compiler ABI info\n'}
[52.230637] (yolo_bringup) StdoutLine: {'line': b'-- Detecting CXX compiler ABI info - done\n'}
[52.234935] (-) TimerEvent: {}
[52.240641] (yolo_bringup) StdoutLine: {'line': b'-- Check for working CXX compiler: /usr/bin/c++ - skipped\n'}
[52.241517] (yolo_bringup) StdoutLine: {'line': b'-- Detecting CXX compile features\n'}
[52.242742] (yolo_bringup) StdoutLine: {'line': b'-- Detecting CXX compile features - done\n'}
[52.251815] (yolo_bringup) StdoutLine: {'line': b'-- Found ament_cmake: 1.3.12 (/opt/ros/humble/share/ament_cmake/cmake)\n'}
[52.335046] (-) TimerEvent: {}
[52.435394] (-) TimerEvent: {}
[52.536421] (-) TimerEvent: {}
[52.636819] (-) TimerEvent: {}
[52.734506] (yolo_bringup) StdoutLine: {'line': b'-- Found Python3: /usr/bin/python3 (found version "3.10.12") found components: Interpreter \n'}
[52.736931] (-) TimerEvent: {}
[52.837286] (-) TimerEvent: {}
[52.937822] (-) TimerEvent: {}
[52.975535] (yolo_bringup) StdoutLine: {'line': b'-- Configuring done\n'}
[52.978821] (yolo_bringup) StdoutLine: {'line': b'-- Generating done\n'}
[52.980465] (yolo_bringup) StdoutLine: {'line': b'-- Build files have been written to: /home/user/ros2_ws/build/yolo_bringup\n'}
[52.985486] (yolo_bringup) CommandEnded: {'returncode': 0}
[52.987905] (yolo_bringup) JobProgress: {'identifier': 'yolo_bringup', 'progress': 'build'}
[52.988139] (yolo_bringup) Command: {'cmd': ['/usr/bin/cmake', '--build', '/home/user/ros2_ws/build/yolo_bringup', '--', '-j8', '-l8'], 'cwd': '/home/user/ros2_ws/build/yolo_bringup', 'env': OrderedDict([('ROS_VERSION', '2'), ('NVIDIA_VISIBLE_DEVICES', 'all'), ('GAZEBO_MASTER_URI', 'http://3_xterm:11345'), ('ROS_PYTHON_VERSION', '3'), ('HOSTNAME', '3_xterm'), ('ROBOT_HOSTNAME', ''), ('PWD', '/home/user/ros2_ws/build/yolo_bringup'), ('PORT', '4000'), ('NVIDIA_DRIVER_CAPABILITIES', 'all'), ('ROS_IP', ''), ('HOME', '/home/user'), ('GAZEBO_PLUGIN_PATH', '/usr/lib/x86_64-linux-gnu/gazebo-11/plugins:/usr/lib/x86_64-linux-gnu/gazebo-11/plugins:'), ('LANG', 'en_US.UTF-8'), ('GAZEBO_MODEL_DATABASE_URI', 'http://models.gazebosim.org'), ('LS_COLORS', 'rs=0:di=01;34:ln=01;36:mh=00:pi=40;33:so=01;35:do=01;35:bd=40;33;01:cd=40;33;01:or=40;31;01:mi=00:su=37;41:sg=30;43:ca=30;41:tw=30;42:ow=34;42:st=37;44:ex=01;32:*.tar=01;31:*.tgz=01;31:*.arc=01;31:*.arj=01;31:*.taz=01;31:*.lha=01;31:*.lz4=01;31:*.lzh=01;31:*.lzma=01;31:*.tlz=01;31:*.txz=01;31:*.tzo=01;31:*.t7z=01;31:*.zip=01;31:*.z=01;31:*.dz=01;31:*.gz=01;31:*.lrz=01;31:*.lz=01;31:*.lzo=01;31:*.xz=01;31:*.zst=01;31:*.tzst=01;31:*.bz2=01;31:*.bz=01;31:*.tbz=01;31:*.tbz2=01;31:*.tz=01;31:*.deb=01;31:*.rpm=01;31:*.jar=01;31:*.war=01;31:*.ear=01;31:*.sar=01;31:*.rar=01;31:*.alz=01;31:*.ace=01;31:*.zoo=01;31:*.cpio=01;31:*.7z=01;31:*.rz=01;31:*.cab=01;31:*.wim=01;31:*.swm=01;31:*.dwm=01;31:*.esd=01;31:*.jpg=01;35:*.jpeg=01;35:*.mjpg=01;35:*.mjpeg=01;35:*.gif=01;35:*.bmp=01;35:*.pbm=01;35:*.pgm=01;35:*.ppm=01;35:*.tga=01;35:*.xbm=01;35:*.xpm=01;35:*.tif=01;35:*.tiff=01;35:*.png=01;35:*.svg=01;35:*.svgz=01;35:*.mng=01;35:*.pcx=01;35:*.mov=01;35:*.mpg=01;35:*.mpeg=01;35:*.m2v=01;35:*.mkv=01;35:*.webm=01;35:*.webp=01;35:*.ogm=01;35:*.mp4=01;35:*.m4v=01;35:*.mp4v=01;35:*.vob=01;35:*.qt=01;35:*.nuv=01;35:*.wmv=01;35:*.asf=01;35:*.rm=01;35:*.rmvb=01;35:*.flc=01;35:*.avi=01;35:*.fli=01;35:*.flv=01;35:*.gl=01;35:*.dl=01;35:*.xcf=01;35:*.xwd=01;35:*.yuv=01;35:*.cgm=01;35:*.emf=01;35:*.ogv=01;35:*.ogx=01;35:*.aac=00;36:*.au=00;36:*.flac=00;36:*.m4a=00;36:*.mid=00;36:*.midi=00;36:*.mka=00;36:*.mp3=00;36:*.mpc=00;36:*.ogg=00;36:*.ra=00;36:*.wav=00;36:*.oga=00;36:*.opus=00;36:*.spx=00;36:*.xspf=00;36:'), ('AMENT_PREFIX_PATH', '/home/user/ros2_ws/install/yolo_ros:/home/user/ros2_ws/install/yolo_msgs:/home/user/ros2_ws/install/deepmind_bot_trajectory_sender:/home/user/ros2_ws/install/deepmind_bot_navigation:/home/user/ros2_ws/install/deepmind_bot_gazebo:/home/user/ros2_ws/install/deepmind_bot_description:/home/user/ros2_ws/install/custom_msgs:/home/user/ros2_ws/install/advanced_perception:/opt/ros/humble'), ('CMAKE_PREFIX_PATH', '/home/user/ros2_ws/install/yolo_msgs:/home/user/ros2_ws/install/deepmind_bot_trajectory_sender:/home/user/ros2_ws/install/deepmind_bot_navigation:/home/user/ros2_ws/install/deepmind_bot_gazebo:/home/user/ros2_ws/install/deepmind_bot_description:/home/user/ros2_ws/install/custom_msgs:/home/user/ros2_ws/install/advanced_perception:/opt/ros/humble'), ('GAZEBO_RESOURCE_PATH', '/usr/share/gazebo-11:/usr/share/gazebo-11:/usr/share/gazebo'), ('COLCON_PREFIX_PATH', '/home/simulations/ros2_sims_ws/install:/home/user/ros2_ws/install'), ('GAZEBO_MASTER_PORT', '11345'), ('NVM_DIR', '/usr/local/share/shell/.nvm'), ('LESSCLOSE', '/usr/bin/lesspipe %s %s'), ('PYTHONPATH', '/home/user/ros2_ws/install/yolo_ros/lib/python3.10/site-packages:/home/user/ros2_ws/install/yolo_msgs/local/lib/python3.10/dist-packages:/home/user/ros2_ws/install/custom_msgs/local/lib/python3.10/dist-packages:/home/user/ros2_ws/install/advanced_perception/lib/python3.10/site-packages:/opt/ros/humble/lib/python3.10/site-packages:/opt/ros/humble/local/lib/python3.10/dist-packages:/home/simulations/public_sim_ws/src/all/ros_basics_examples/python_course_class:/home/simulations/public_sim_ws/src/ros_basics_examples/python_course_class:/home/simulations/public_sim_ws/src/all/kinematics_course_utils/kinematics'), ('COLCON', '1'), ('TERM', 'xterm-color'), ('LESSOPEN', '| /usr/bin/lesspipe %s'), ('SNAPCRAFT_BUILD_ENVIRONMENT', 'host'), ('GAZEBO_MASTER_HOSTNAME', '3_xterm'), ('DISPLAY', ':1'), ('SHLVL', '2'), ('NVM_CD_FLAGS', ''), ('ROS_MASTER_URI', 'http://3_xterm:11311'), ('ROS_HOSTNAME', '3_xterm'), ('LD_LIBRARY_PATH', '/home/user/ros2_ws/install/yolo_msgs/lib:/usr/local/cuda-10.2/lib64:/home/user/.catkin_ws_python3/src/TensorRT-7.0.0.11/lib:/home/user/ros2_ws/install/custom_msgs/lib:/opt/ros/humble/opt/rviz_ogre_vendor/lib:/opt/ros/humble/lib/x86_64-linux-gnu:/opt/ros/humble/lib:/usr/local/cuda-10.2/lib64:/home/user/.catkin_ws_python3/src/TensorRT-7.0.0.11/lib:/usr/lib/x86_64-linux-gnu/gazebo-11/plugins:/usr/lib/x86_64-linux-gnu/gazebo-11/plugins:/usr/lib/x86_64-linux-gnu/gazebo-11/plugins'), ('ROS_LOCALHOST_ONLY', '0'), ('SLOT_SHELL_START_ID', '999794'), ('SLOT_PREFIX', 'fd482a6d-ceb5-43de-9987-811f8262270e'), ('LC_ALL', 'C'), ('SOURCE_ROS1_WS', ''), ('GAZEBO_MODEL_PATH', '/usr/share/gazebo-11/models:/usr/share/gazebo-11/models:/usr/share/gazebo-9/models:/usr/share/gazebo/models_robox'), ('SLOT_JENKINS_PORT', '25593'), ('SLOT_SYSTEMD', 'False'), ('PATH', '/opt/ros/humble/bin:/usr/local/share/shell/.nvm/versions/node/v8.17.0/bin:/usr/local/sbin:/usr/local/bin:/usr/sbin:/usr/bin:/sbin:/bin:/home/user/.cargo/bin:/home/user/.cargo/bin'), ('SELECTED_ROS_DISTRO', 'humble'), ('NVM_BIN', '/usr/local/share/shell/.nvm/versions/node/v8.17.0/bin'), ('NODE_VERSION', 'v8.17.0'), ('DEBIAN_FRONTEND', 'noninteractive'), ('ROS_DISTRO', 'humble'), ('GAZEBO_VERBOSE', '0'), ('OGRE_RESOURCE_PATH', '/usr/lib/x86_64-linux-gnu/OGRE-1.9.0'), ('OLDPWD', '/home/user/ros2_ws/src'), ('SOURCE_ROS2_WS', 'True'), ('SLOT_ROSBRIDGE_PORT', '20003'), ('_', '/usr/bin/env')]), 'shell': False}
[53.037965] (-) TimerEvent: {}
[53.042318] (yolo_bringup) CommandEnded: {'returncode': 0}
[53.043101] (yolo_bringup) JobProgress: {'identifier': 'yolo_bringup', 'progress': 'install'}
[53.044233] (yolo_bringup) Command: {'cmd': ['/usr/bin/cmake', '--install', '/home/user/ros2_ws/build/yolo_bringup'], 'cwd': '/home/user/ros2_ws/build/yolo_bringup', 'env': OrderedDict([('ROS_VERSION', '2'), ('NVIDIA_VISIBLE_DEVICES', 'all'), ('GAZEBO_MASTER_URI', 'http://3_xterm:11345'), ('ROS_PYTHON_VERSION', '3'), ('HOSTNAME', '3_xterm'), ('ROBOT_HOSTNAME', ''), ('PWD', '/home/user/ros2_ws/build/yolo_bringup'), ('PORT', '4000'), ('NVIDIA_DRIVER_CAPABILITIES', 'all'), ('ROS_IP', ''), ('HOME', '/home/user'), ('GAZEBO_PLUGIN_PATH', '/usr/lib/x86_64-linux-gnu/gazebo-11/plugins:/usr/lib/x86_64-linux-gnu/gazebo-11/plugins:'), ('LANG', 'en_US.UTF-8'), ('GAZEBO_MODEL_DATABASE_URI', 'http://models.gazebosim.org'), ('LS_COLORS', 'rs=0:di=01;34:ln=01;36:mh=00:pi=40;33:so=01;35:do=01;35:bd=40;33;01:cd=40;33;01:or=40;31;01:mi=00:su=37;41:sg=30;43:ca=30;41:tw=30;42:ow=34;42:st=37;44:ex=01;32:*.tar=01;31:*.tgz=01;31:*.arc=01;31:*.arj=01;31:*.taz=01;31:*.lha=01;31:*.lz4=01;31:*.lzh=01;31:*.lzma=01;31:*.tlz=01;31:*.txz=01;31:*.tzo=01;31:*.t7z=01;31:*.zip=01;31:*.z=01;31:*.dz=01;31:*.gz=01;31:*.lrz=01;31:*.lz=01;31:*.lzo=01;31:*.xz=01;31:*.zst=01;31:*.tzst=01;31:*.bz2=01;31:*.bz=01;31:*.tbz=01;31:*.tbz2=01;31:*.tz=01;31:*.deb=01;31:*.rpm=01;31:*.jar=01;31:*.war=01;31:*.ear=01;31:*.sar=01;31:*.rar=01;31:*.alz=01;31:*.ace=01;31:*.zoo=01;31:*.cpio=01;31:*.7z=01;31:*.rz=01;31:*.cab=01;31:*.wim=01;31:*.swm=01;31:*.dwm=01;31:*.esd=01;31:*.jpg=01;35:*.jpeg=01;35:*.mjpg=01;35:*.mjpeg=01;35:*.gif=01;35:*.bmp=01;35:*.pbm=01;35:*.pgm=01;35:*.ppm=01;35:*.tga=01;35:*.xbm=01;35:*.xpm=01;35:*.tif=01;35:*.tiff=01;35:*.png=01;35:*.svg=01;35:*.svgz=01;35:*.mng=01;35:*.pcx=01;35:*.mov=01;35:*.mpg=01;35:*.mpeg=01;35:*.m2v=01;35:*.mkv=01;35:*.webm=01;35:*.webp=01;35:*.ogm=01;35:*.mp4=01;35:*.m4v=01;35:*.mp4v=01;35:*.vob=01;35:*.qt=01;35:*.nuv=01;35:*.wmv=01;35:*.asf=01;35:*.rm=01;35:*.rmvb=01;35:*.flc=01;35:*.avi=01;35:*.fli=01;35:*.flv=01;35:*.gl=01;35:*.dl=01;35:*.xcf=01;35:*.xwd=01;35:*.yuv=01;35:*.cgm=01;35:*.emf=01;35:*.ogv=01;35:*.ogx=01;35:*.aac=00;36:*.au=00;36:*.flac=00;36:*.m4a=00;36:*.mid=00;36:*.midi=00;36:*.mka=00;36:*.mp3=00;36:*.mpc=00;36:*.ogg=00;36:*.ra=00;36:*.wav=00;36:*.oga=00;36:*.opus=00;36:*.spx=00;36:*.xspf=00;36:'), ('AMENT_PREFIX_PATH', '/home/user/ros2_ws/install/yolo_ros:/home/user/ros2_ws/install/yolo_msgs:/home/user/ros2_ws/install/deepmind_bot_trajectory_sender:/home/user/ros2_ws/install/deepmind_bot_navigation:/home/user/ros2_ws/install/deepmind_bot_gazebo:/home/user/ros2_ws/install/deepmind_bot_description:/home/user/ros2_ws/install/custom_msgs:/home/user/ros2_ws/install/advanced_perception:/opt/ros/humble'), ('CMAKE_PREFIX_PATH', '/home/user/ros2_ws/install/yolo_msgs:/home/user/ros2_ws/install/deepmind_bot_trajectory_sender:/home/user/ros2_ws/install/deepmind_bot_navigation:/home/user/ros2_ws/install/deepmind_bot_gazebo:/home/user/ros2_ws/install/deepmind_bot_description:/home/user/ros2_ws/install/custom_msgs:/home/user/ros2_ws/install/advanced_perception:/opt/ros/humble'), ('GAZEBO_RESOURCE_PATH', '/usr/share/gazebo-11:/usr/share/gazebo-11:/usr/share/gazebo'), ('COLCON_PREFIX_PATH', '/home/simulations/ros2_sims_ws/install:/home/user/ros2_ws/install'), ('GAZEBO_MASTER_PORT', '11345'), ('NVM_DIR', '/usr/local/share/shell/.nvm'), ('LESSCLOSE', '/usr/bin/lesspipe %s %s'), ('PYTHONPATH', '/home/user/ros2_ws/install/yolo_ros/lib/python3.10/site-packages:/home/user/ros2_ws/install/yolo_msgs/local/lib/python3.10/dist-packages:/home/user/ros2_ws/install/custom_msgs/local/lib/python3.10/dist-packages:/home/user/ros2_ws/install/advanced_perception/lib/python3.10/site-packages:/opt/ros/humble/lib/python3.10/site-packages:/opt/ros/humble/local/lib/python3.10/dist-packages:/home/simulations/public_sim_ws/src/all/ros_basics_examples/python_course_class:/home/simulations/public_sim_ws/src/ros_basics_examples/python_course_class:/home/simulations/public_sim_ws/src/all/kinematics_course_utils/kinematics'), ('COLCON', '1'), ('TERM', 'xterm-color'), ('LESSOPEN', '| /usr/bin/lesspipe %s'), ('SNAPCRAFT_BUILD_ENVIRONMENT', 'host'), ('GAZEBO_MASTER_HOSTNAME', '3_xterm'), ('DISPLAY', ':1'), ('SHLVL', '2'), ('NVM_CD_FLAGS', ''), ('ROS_MASTER_URI', 'http://3_xterm:11311'), ('ROS_HOSTNAME', '3_xterm'), ('LD_LIBRARY_PATH', '/home/user/ros2_ws/install/yolo_msgs/lib:/usr/local/cuda-10.2/lib64:/home/user/.catkin_ws_python3/src/TensorRT-7.0.0.11/lib:/home/user/ros2_ws/install/custom_msgs/lib:/opt/ros/humble/opt/rviz_ogre_vendor/lib:/opt/ros/humble/lib/x86_64-linux-gnu:/opt/ros/humble/lib:/usr/local/cuda-10.2/lib64:/home/user/.catkin_ws_python3/src/TensorRT-7.0.0.11/lib:/usr/lib/x86_64-linux-gnu/gazebo-11/plugins:/usr/lib/x86_64-linux-gnu/gazebo-11/plugins:/usr/lib/x86_64-linux-gnu/gazebo-11/plugins'), ('ROS_LOCALHOST_ONLY', '0'), ('SLOT_SHELL_START_ID', '999794'), ('SLOT_PREFIX', 'fd482a6d-ceb5-43de-9987-811f8262270e'), ('LC_ALL', 'C'), ('SOURCE_ROS1_WS', ''), ('GAZEBO_MODEL_PATH', '/usr/share/gazebo-11/models:/usr/share/gazebo-11/models:/usr/share/gazebo-9/models:/usr/share/gazebo/models_robox'), ('SLOT_JENKINS_PORT', '25593'), ('SLOT_SYSTEMD', 'False'), ('PATH', '/opt/ros/humble/bin:/usr/local/share/shell/.nvm/versions/node/v8.17.0/bin:/usr/local/sbin:/usr/local/bin:/usr/sbin:/usr/bin:/sbin:/bin:/home/user/.cargo/bin:/home/user/.cargo/bin'), ('SELECTED_ROS_DISTRO', 'humble'), ('NVM_BIN', '/usr/local/share/shell/.nvm/versions/node/v8.17.0/bin'), ('NODE_VERSION', 'v8.17.0'), ('DEBIAN_FRONTEND', 'noninteractive'), ('ROS_DISTRO', 'humble'), ('GAZEBO_VERBOSE', '0'), ('OGRE_RESOURCE_PATH', '/usr/lib/x86_64-linux-gnu/OGRE-1.9.0'), ('OLDPWD', '/home/user/ros2_ws/src'), ('SOURCE_ROS2_WS', 'True'), ('SLOT_ROSBRIDGE_PORT', '20003'), ('_', '/usr/bin/env')]), 'shell': False}
[53.050854] (yolo_bringup) StdoutLine: {'line': b'-- Install configuration: ""\n'}
[53.051018] (yolo_bringup) StdoutLine: {'line': b'-- Installing: /home/user/ros2_ws/install/yolo_bringup/share/yolo_bringup//launch\n'}
[53.051513] (yolo_bringup) StdoutLine: {'line': b'-- Installing: /home/user/ros2_ws/install/yolo_bringup/share/yolo_bringup//launch/yolov8.launch.py\n'}
[53.051674] (yolo_bringup) StdoutLine: {'line': b'-- Installing: /home/user/ros2_ws/install/yolo_bringup/share/yolo_bringup//launch/yolov10.launch.py\n'}
[53.051793] (yolo_bringup) StdoutLine: {'line': b'-- Installing: /home/user/ros2_ws/install/yolo_bringup/share/yolo_bringup//launch/yolo-world.launch.py\n'}
[53.051908] (yolo_bringup) StdoutLine: {'line': b'-- Installing: /home/user/ros2_ws/install/yolo_bringup/share/yolo_bringup//launch/yolo.launch.py\n'}
[53.052040] (yolo_bringup) StdoutLine: {'line': b'-- Installing: /home/user/ros2_ws/install/yolo_bringup/share/yolo_bringup//launch/yolov5.launch.py\n'}
[53.052148] (yolo_bringup) StdoutLine: {'line': b'-- Installing: /home/user/ros2_ws/install/yolo_bringup/share/yolo_bringup//launch/yoloe.launch.py\n'}
[53.052258] (yolo_bringup) StdoutLine: {'line': b'-- Installing: /home/user/ros2_ws/install/yolo_bringup/share/yolo_bringup//launch/yolov9.launch.py\n'}
[53.052363] (yolo_bringup) StdoutLine: {'line': b'-- Installing: /home/user/ros2_ws/install/yolo_bringup/share/yolo_bringup//launch/yolov11.launch.py\n'}
[53.052510] (yolo_bringup) StdoutLine: {'line': b'-- Installing: /home/user/ros2_ws/install/yolo_bringup/share/yolo_bringup//launch/yolov12.launch.py\n'}
[53.052671] (yolo_bringup) StdoutLine: {'line': b'-- Installing: /home/user/ros2_ws/install/yolo_bringup/share/yolo_bringup//launch/yolov26.launch.py\n'}
[53.052803] (yolo_bringup) StdoutLine: {'line': b'-- Installing: /home/user/ros2_ws/install/yolo_bringup/share/ament_index/resource_index/package_run_dependencies/yolo_bringup\n'}
[53.052989] (yolo_bringup) StdoutLine: {'line': b'-- Installing: /home/user/ros2_ws/install/yolo_bringup/share/ament_index/resource_index/parent_prefix_path/yolo_bringup\n'}
[53.053174] (yolo_bringup) StdoutLine: {'line': b'-- Installing: /home/user/ros2_ws/install/yolo_bringup/share/yolo_bringup/environment/ament_prefix_path.sh\n'}
[53.053326] (yolo_bringup) StdoutLine: {'line': b'-- Installing: /home/user/ros2_ws/install/yolo_bringup/share/yolo_bringup/environment/ament_prefix_path.dsv\n'}
[53.053489] (yolo_bringup) StdoutLine: {'line': b'-- Installing: /home/user/ros2_ws/install/yolo_bringup/share/yolo_bringup/environment/path.sh\n'}
[53.053633] (yolo_bringup) StdoutLine: {'line': b'-- Installing: /home/user/ros2_ws/install/yolo_bringup/share/yolo_bringup/environment/path.dsv\n'}
[53.053769] (yolo_bringup) StdoutLine: {'line': b'-- Installing: /home/user/ros2_ws/install/yolo_bringup/share/yolo_bringup/local_setup.bash\n'}
[53.053896] (yolo_bringup) StdoutLine: {'line': b'-- Installing: /home/user/ros2_ws/install/yolo_bringup/share/yolo_bringup/local_setup.sh\n'}
[53.054033] (yolo_bringup) StdoutLine: {'line': b'-- Installing: /home/user/ros2_ws/install/yolo_bringup/share/yolo_bringup/local_setup.zsh\n'}
[53.054162] (yolo_bringup) StdoutLine: {'line': b'-- Installing: /home/user/ros2_ws/install/yolo_bringup/share/yolo_bringup/local_setup.dsv\n'}
[53.054291] (yolo_bringup) StdoutLine: {'line': b'-- Installing: /home/user/ros2_ws/install/yolo_bringup/share/yolo_bringup/package.dsv\n'}
[53.054458] (yolo_bringup) StdoutLine: {'line': b'-- Installing: /home/user/ros2_ws/install/yolo_bringup/share/ament_index/resource_index/packages/yolo_bringup\n'}
[53.054618] (yolo_bringup) StdoutLine: {'line': b'-- Installing: /home/user/ros2_ws/install/yolo_bringup/share/yolo_bringup/cmake/yolo_bringupConfig.cmake\n'}
[53.054739] (yolo_bringup) StdoutLine: {'line': b'-- Installing: /home/user/ros2_ws/install/yolo_bringup/share/yolo_bringup/cmake/yolo_bringupConfig-version.cmake\n'}
[53.054870] (yolo_bringup) StdoutLine: {'line': b'-- Installing: /home/user/ros2_ws/install/yolo_bringup/share/yolo_bringup/package.xml\n'}
[53.056205] (yolo_bringup) CommandEnded: {'returncode': 0}
[53.068751] (yolo_bringup) JobEnded: {'identifier': 'yolo_bringup', 'rc': 0}
[53.069639] (-) EventReactorShutdown: {}
