[0.000000] (-) TimerEvent: {}
[0.000485] (yolo_msgs) JobQueued: {'identifier': 'yolo_msgs', 'dependencies': OrderedDict()}
[0.000551] (yolo_ros) JobQueued: {'identifier': 'yolo_ros', 'dependencies': OrderedDict([('yolo_msgs', '/home/user/ros2_ws/install/yolo_msgs')])}
[0.000593] (yolo_bringup) JobQueued: {'identifier': 'yolo_bringup', 'dependencies': OrderedDict([('yolo_msgs', '/home/user/ros2_ws/install/yolo_msgs'), ('yolo_ros', '/home/user/ros2_ws/install/yolo_ros')])}
[0.000636] (yolo_msgs) JobStarted: {'identifier': 'yolo_msgs'}
[0.019082] (yolo_msgs) JobProgress: {'identifier': 'yolo_msgs', 'progress': 'cmake'}
[0.027757] (yolo_msgs) JobProgress: {'identifier': 'yolo_msgs', 'progress': 'build'}
[0.027983] (yolo_msgs) Command: {'cmd': ['/usr/bin/cmake', '--build', '/home/user/ros2_ws/build/yolo_msgs', '--', '-j8', '-l8'], 'cwd': '/home/user/ros2_ws/build/yolo_msgs', 'env': OrderedDict([('ROS_VERSION', '2'), ('NVIDIA_VISIBLE_DEVICES', 'all'), ('GAZEBO_MASTER_URI', 'http://3_xterm:11345'), ('ROS_PYTHON_VERSION', '3'), ('HOSTNAME', '3_xterm'), ('ROBOT_HOSTNAME', ''), ('PWD', '/home/user/ros2_ws/build/yolo_msgs'), ('PORT', '4000'), ('NVIDIA_DRIVER_CAPABILITIES', 'all'), ('ROS_IP', ''), ('HOME', '/home/user'), ('GAZEBO_PLUGIN_PATH', '/usr/lib/x86_64-linux-gnu/gazebo-11/plugins:/usr/lib/x86_64-linux-gnu/gazebo-11/plugins:'), ('LANG', 'en_US.UTF-8'), ('GAZEBO_MODEL_DATABASE_URI', 'http://models.gazebosim.org'), ('LS_COLORS', 'rs=0:di=01;34:ln=01;36:mh=00:pi=40;33:so=01;35:do=01;35:bd=40;33;01:cd=40;33;01:or=40;31;01:mi=00:su=37;41:sg=30;43:ca=30;41:tw=30;42:ow=34;42:st=37;44:ex=01;32:*.tar=01;31:*.tgz=01;31:*.arc=01;31:*.arj=01;31:*.taz=01;31:*.lha=01;31:*.lz4=01;31:*.lzh=01;31:*.lzma=01;31:*.tlz=01;31:*.txz=01;31:*.tzo=01;31:*.t7z=01;31:*.zip=01;31:*.z=01;31:*.dz=01;31:*.gz=01;31:*.lrz=01;31:*.lz=01;31:*.lzo=01;31:*.xz=01;31:*.zst=01;31:*.tzst=01;31:*.bz2=01;31:*.bz=01;31:*.tbz=01;31:*.tbz2=01;31:*.tz=01;31:*.deb=01;31:*.rpm=01;31:*.jar=01;31:*.war=01;31:*.ear=01;31:*.sar=01;31:*.rar=01;31:*.alz=01;31:*.ace=01;31:*.zoo=01;31:*.cpio=01;31:*.7z=01;31:*.rz=01;31:*.cab=01;31:*.wim=01;31:*.swm=01;31:*.dwm=01;31:*.esd=01;31:*.jpg=01;35:*.jpeg=01;35:*.mjpg=01;35:*.mjpeg=01;35:*.gif=01;35:*.bmp=01;35:*.pbm=01;35:*.pgm=01;35:*.ppm=01;35:*.tga=01;35:*.xbm=01;35:*.xpm=01;35:*.tif=01;35:*.tiff=01;35:*.png=01;35:*.svg=01;35:*.svgz=01;35:*.mng=01;35:*.pcx=01;35:*.mov=01;35:*.mpg=01;35:*.mpeg=01;35:*.m2v=01;35:*.mkv=01;35:*.webm=01;35:*.webp=01;35:*.ogm=01;35:*.mp4=01;35:*.m4v=01;35:*.mp4v=01;35:*.vob=01;35:*.qt=01;35:*.nuv=01;35:*.wmv=01;35:*.asf=01;35:*.rm=01;35:*.rmvb=01;35:*.flc=01;35:*.avi=01;35:*.fli=01;35:*.flv=01;35:*.gl=01;35:*.dl=01;35:*.xcf=01;35:*.xwd=01;35:*.yuv=01;35:*.cgm=01;35:*.emf=01;35:*.ogv=01;35:*.ogx=01;35:*.aac=00;36:*.au=00;36:*.flac=00;36:*.m4a=00;36:*.mid=00;36:*.midi=00;36:*.mka=00;36:*.mp3=00;36:*.mpc=00;36:*.ogg=00;36:*.ra=00;36:*.wav=00;36:*.oga=00;36:*.opus=00;36:*.spx=00;36:*.xspf=00;36:'), ('AMENT_PREFIX_PATH', '/home/user/ros2_ws/install/deepmind_bot_trajectory_sender:/home/user/ros2_ws/install/deepmind_bot_navigation:/home/user/ros2_ws/install/deepmind_bot_gazebo:/home/user/ros2_ws/install/deepmind_bot_description:/home/user/ros2_ws/install/custom_msgs:/home/user/ros2_ws/install/advanced_perception:/opt/ros/humble'), ('CMAKE_PREFIX_PATH', '/home/user/ros2_ws/install/deepmind_bot_trajectory_sender:/home/user/ros2_ws/install/deepmind_bot_navigation:/home/user/ros2_ws/install/deepmind_bot_gazebo:/home/user/ros2_ws/install/deepmind_bot_description:/home/user/ros2_ws/install/custom_msgs:/home/user/ros2_ws/install/advanced_perception:/opt/ros/humble'), ('GAZEBO_RESOURCE_PATH', '/usr/share/gazebo-11:/usr/share/gazebo-11:/usr/share/gazebo'), ('COLCON_PREFIX_PATH', '/home/simulations/ros2_sims_ws/install:/home/user/ros2_ws/install'), ('GAZEBO_MASTER_PORT', '11345'), ('NVM_DIR', '/usr/local/share/shell/.nvm'), ('LESSCLOSE', '/usr/bin/lesspipe %s %s'), ('PYTHONPATH', '/home/user/ros2_ws/install/custom_msgs/local/lib/python3.10/dist-packages:/home/user/ros2_ws/install/advanced_perception/lib/python3.10/site-packages:/opt/ros/humble/lib/python3.10/site-packages:/opt/ros/humble/local/lib/python3.10/dist-packages:/home/simulations/public_sim_ws/src/all/ros_basics_examples/python_course_class:/home/simulations/public_sim_ws/src/ros_basics_examples/python_course_class:/home/simulations/public_sim_ws/src/all/kinematics_course_utils/kinematics'), ('COLCON', '1'), ('TERM', 'xterm-color'), ('LESSOPEN', '| /usr/bin/lesspipe %s'), ('SNAPCRAFT_BUILD_ENVIRONMENT', 'host'), ('GAZEBO_MASTER_HOSTNAME', '3_xterm'), ('DISPLAY', ':1'), ('SHLVL', '2'), ('NVM_CD_FLAGS', ''), ('ROS_MASTER_URI', 'http://3_xterm:11311'), ('ROS_HOSTNAME', '3_xterm'), ('LD_LIBRARY_PATH', '/usr/local/cuda-10.2/lib64:/home/user/.catkin_ws_python3/src/TensorRT-7.0.0.11/lib:/home/user/ros2_ws/install/custom_msgs/lib:/opt/ros/humble/opt/rviz_ogre_vendor/lib:/opt/ros/humble/lib/x86_64-linux-gnu:/opt/ros/humble/lib:/usr/local/cuda-10.2/lib64:/home/user/.catkin_ws_python3/src/TensorRT-7.0.0.11/lib::/usr/lib/x86_64-linux-gnu/gazebo-11/plugins::/usr/lib/x86_64-linux-gnu/gazebo-11/plugins:/usr/lib/x86_64-linux-gnu/gazebo-11/plugins:'), ('ROS_LOCALHOST_ONLY', '0'), ('SLOT_SHELL_START_ID', '999794'), ('SLOT_PREFIX', 'fd482a6d-ceb5-43de-9987-811f8262270e'), ('LC_ALL', 'C'), ('SOURCE_ROS1_WS', ''), ('GAZEBO_MODEL_PATH', '/usr/share/gazebo-11/models:/usr/share/gazebo-11/models:/usr/share/gazebo-9/models:/usr/share/gazebo/models_robox'), ('SLOT_JENKINS_PORT', '25593'), ('SLOT_SYSTEMD', 'False'), ('PATH', '/opt/ros/humble/bin:/usr/local/share/shell/.nvm/versions/node/v8.17.0/bin:/usr/local/sbin:/usr/local/bin:/usr/sbin:/usr/bin:/sbin:/bin:/home/user/.cargo/bin:/home/user/.cargo/bin'), ('SELECTED_ROS_DISTRO', 'humble'), ('NVM_BIN', '/usr/local/share/shell/.nvm/versions/node/v8.17.0/bin'), ('NODE_VERSION', 'v8.17.0'), ('DEBIAN_FRONTEND', 'noninteractive'), ('ROS_DISTRO', 'humble'), ('GAZEBO_VERBOSE', '0'), ('OGRE_RESOURCE_PATH', '/usr/lib/x86_64-linux-gnu/OGRE-1.9.0'), ('OLDPWD', '/home/user/ros2_ws'), ('SOURCE_ROS2_WS', 'True'), ('SLOT_ROSBRIDGE_PORT', '20003'), ('_', '/usr/bin/env')]), 'shell': False}
[0.077416] (yolo_msgs) StdoutLine: {'line': b'\x1b[35m\x1b[1mConsolidate compiler generated dependencies of target yolo_msgs__rosidl_generator_c\x1b[0m\n'}
[0.097641] (yolo_msgs) StdoutLine: {'line': b'[  0%] Built target yolo_msgs__cpp\n'}
[0.099261] (-) TimerEvent: {}
[0.119315] (yolo_msgs) StdoutLine: {'line': b'[ 12%] Built target yolo_msgs__rosidl_generator_c\n'}
[0.123852] (yolo_msgs) StdoutLine: {'line': b'\x1b[35m\x1b[1mConsolidate compiler generated dependencies of target yolo_msgs__rosidl_typesupport_cpp\x1b[0m\n'}
[0.124526] (yolo_msgs) StdoutLine: {'line': b'[ 12%] Built target ament_cmake_python_copy_yolo_msgs\n'}
[0.134388] (yolo_msgs) StdoutLine: {'line': b'\x1b[35m\x1b[1mConsolidate compiler generated dependencies of target yolo_msgs__rosidl_typesupport_introspection_cpp\x1b[0m\n'}
[0.138145] (yolo_msgs) StdoutLine: {'line': b'\x1b[35m\x1b[1mConsolidate compiler generated dependencies of target yolo_msgs__rosidl_typesupport_fastrtps_c\x1b[0m\n'}
[0.139550] (yolo_msgs) StdoutLine: {'line': b'\x1b[35m\x1b[1mConsolidate compiler generated dependencies of target yolo_msgs__rosidl_typesupport_fastrtps_cpp\x1b[0m\n'}
[0.140977] (yolo_msgs) StdoutLine: {'line': b'\x1b[35m\x1b[1mConsolidate compiler generated dependencies of target yolo_msgs__rosidl_typesupport_introspection_c\x1b[0m\n'}
[0.184186] (yolo_msgs) StdoutLine: {'line': b'\x1b[35m\x1b[1mConsolidate compiler generated dependencies of target yolo_msgs__rosidl_typesupport_c\x1b[0m\n'}
[0.199446] (-) TimerEvent: {}
[0.209210] (yolo_msgs) StdoutLine: {'line': b'[ 24%] Built target yolo_msgs__rosidl_typesupport_introspection_c\n'}
[0.212478] (yolo_msgs) StdoutLine: {'line': b'[ 36%] Built target yolo_msgs__rosidl_typesupport_c\n'}
[0.213926] (yolo_msgs) StdoutLine: {'line': b'[ 48%] Built target yolo_msgs__rosidl_typesupport_cpp\n'}
[0.214552] (yolo_msgs) StdoutLine: {'line': b'[ 60%] Built target yolo_msgs__rosidl_typesupport_fastrtps_cpp\n'}
[0.219217] (yolo_msgs) StdoutLine: {'line': b'[ 72%] Built target yolo_msgs__rosidl_typesupport_introspection_cpp\n'}
[0.220718] (yolo_msgs) StdoutLine: {'line': b'[ 84%] Built target yolo_msgs__rosidl_typesupport_fastrtps_c\n'}
[0.299578] (-) TimerEvent: {}
[0.305377] (yolo_msgs) StdoutLine: {'line': b'[ 84%] Built target yolo_msgs\n'}
[0.336037] (yolo_msgs) StdoutLine: {'line': b'[ 85%] Built target yolo_msgs__py\n'}
[0.349492] (yolo_msgs) StdoutLine: {'line': b'\x1b[35m\x1b[1mConsolidate compiler generated dependencies of target yolo_msgs__rosidl_generator_py\x1b[0m\n'}
[0.376713] (yolo_msgs) StdoutLine: {'line': b'[ 96%] Built target yolo_msgs__rosidl_generator_py\n'}
[0.397283] (yolo_msgs) StdoutLine: {'line': b'\x1b[35m\x1b[1mConsolidate compiler generated dependencies of target yolo_msgs__rosidl_typesupport_fastrtps_c__pyext\x1b[0m\n'}
[0.398624] (yolo_msgs) StdoutLine: {'line': b'\x1b[35m\x1b[1mConsolidate compiler generated dependencies of target yolo_msgs__rosidl_typesupport_introspection_c__pyext\x1b[0m\n'}
[0.399557] (yolo_msgs) StdoutLine: {'line': b'\x1b[35m\x1b[1mConsolidate compiler generated dependencies of target yolo_msgs__rosidl_typesupport_c__pyext\x1b[0m\n'}
[0.399949] (-) TimerEvent: {}
[0.433553] (yolo_msgs) StdoutLine: {'line': b'[ 97%] Built target yolo_msgs__rosidl_typesupport_fastrtps_c__pyext\n'}
[0.433798] (yolo_msgs) StdoutLine: {'line': b'[ 99%] Built target yolo_msgs__rosidl_typesupport_introspection_c__pyext\n'}
[0.435703] (yolo_msgs) StdoutLine: {'line': b'[100%] Built target yolo_msgs__rosidl_typesupport_c__pyext\n'}
[0.500101] (-) TimerEvent: {}
[0.600766] (-) TimerEvent: {}
[0.621843] (yolo_msgs) StdoutLine: {'line': b'running egg_info\n'}
[0.653277] (yolo_msgs) StdoutLine: {'line': b'writing yolo_msgs.egg-info/PKG-INFO\n'}
[0.653947] (yolo_msgs) StdoutLine: {'line': b'writing dependency_links to yolo_msgs.egg-info/dependency_links.txt\n'}
[0.654314] (yolo_msgs) StdoutLine: {'line': b'writing top-level names to yolo_msgs.egg-info/top_level.txt\n'}
[0.705717] (-) TimerEvent: {}
[0.749636] (yolo_msgs) StdoutLine: {'line': b"reading manifest file 'yolo_msgs.egg-info/SOURCES.txt'\n"}
[0.750935] (yolo_msgs) StdoutLine: {'line': b"writing manifest file 'yolo_msgs.egg-info/SOURCES.txt'\n"}
[0.793913] (yolo_msgs) StdoutLine: {'line': b'[100%] Built target ament_cmake_python_build_yolo_msgs_egg\n'}
[0.805863] (-) TimerEvent: {}
[0.819791] (yolo_msgs) CommandEnded: {'returncode': 0}
[0.820427] (yolo_msgs) JobProgress: {'identifier': 'yolo_msgs', 'progress': 'install'}
[0.829250] (yolo_msgs) Command: {'cmd': ['/usr/bin/cmake', '--install', '/home/user/ros2_ws/build/yolo_msgs'], 'cwd': '/home/user/ros2_ws/build/yolo_msgs', 'env': OrderedDict([('ROS_VERSION', '2'), ('NVIDIA_VISIBLE_DEVICES', 'all'), ('GAZEBO_MASTER_URI', 'http://3_xterm:11345'), ('ROS_PYTHON_VERSION', '3'), ('HOSTNAME', '3_xterm'), ('ROBOT_HOSTNAME', ''), ('PWD', '/home/user/ros2_ws/build/yolo_msgs'), ('PORT', '4000'), ('NVIDIA_DRIVER_CAPABILITIES', 'all'), ('ROS_IP', ''), ('HOME', '/home/user'), ('GAZEBO_PLUGIN_PATH', '/usr/lib/x86_64-linux-gnu/gazebo-11/plugins:/usr/lib/x86_64-linux-gnu/gazebo-11/plugins:'), ('LANG', 'en_US.UTF-8'), ('GAZEBO_MODEL_DATABASE_URI', 'http://models.gazebosim.org'), ('LS_COLORS', 'rs=0:di=01;34:ln=01;36:mh=00:pi=40;33:so=01;35:do=01;35:bd=40;33;01:cd=40;33;01:or=40;31;01:mi=00:su=37;41:sg=30;43:ca=30;41:tw=30;42:ow=34;42:st=37;44:ex=01;32:*.tar=01;31:*.tgz=01;31:*.arc=01;31:*.arj=01;31:*.taz=01;31:*.lha=01;31:*.lz4=01;31:*.lzh=01;31:*.lzma=01;31:*.tlz=01;31:*.txz=01;31:*.tzo=01;31:*.t7z=01;31:*.zip=01;31:*.z=01;31:*.dz=01;31:*.gz=01;31:*.lrz=01;31:*.lz=01;31:*.lzo=01;31:*.xz=01;31:*.zst=01;31:*.tzst=01;31:*.bz2=01;31:*.bz=01;31:*.tbz=01;31:*.tbz2=01;31:*.tz=01;31:*.deb=01;31:*.rpm=01;31:*.jar=01;31:*.war=01;31:*.ear=01;31:*.sar=01;31:*.rar=01;31:*.alz=01;31:*.ace=01;31:*.zoo=01;31:*.cpio=01;31:*.7z=01;31:*.rz=01;31:*.cab=01;31:*.wim=01;31:*.swm=01;31:*.dwm=01;31:*.esd=01;31:*.jpg=01;35:*.jpeg=01;35:*.mjpg=01;35:*.mjpeg=01;35:*.gif=01;35:*.bmp=01;35:*.pbm=01;35:*.pgm=01;35:*.ppm=01;35:*.tga=01;35:*.xbm=01;35:*.xpm=01;35:*.tif=01;35:*.tiff=01;35:*.png=01;35:*.svg=01;35:*.svgz=01;35:*.mng=01;35:*.pcx=01;35:*.mov=01;35:*.mpg=01;35:*.mpeg=01;35:*.m2v=01;35:*.mkv=01;35:*.webm=01;35:*.webp=01;35:*.ogm=01;35:*.mp4=01;35:*.m4v=01;35:*.mp4v=01;35:*.vob=01;35:*.qt=01;35:*.nuv=01;35:*.wmv=01;35:*.asf=01;35:*.rm=01;35:*.rmvb=01;35:*.flc=01;35:*.avi=01;35:*.fli=01;35:*.flv=01;35:*.gl=01;35:*.dl=01;35:*.xcf=01;35:*.xwd=01;35:*.yuv=01;35:*.cgm=01;35:*.emf=01;35:*.ogv=01;35:*.ogx=01;35:*.aac=00;36:*.au=00;36:*.flac=00;36:*.m4a=00;36:*.mid=00;36:*.midi=00;36:*.mka=00;36:*.mp3=00;36:*.mpc=00;36:*.ogg=00;36:*.ra=00;36:*.wav=00;36:*.oga=00;36:*.opus=00;36:*.spx=00;36:*.xspf=00;36:'), ('AMENT_PREFIX_PATH', '/home/user/ros2_ws/install/deepmind_bot_trajectory_sender:/home/user/ros2_ws/install/deepmind_bot_navigation:/home/user/ros2_ws/install/deepmind_bot_gazebo:/home/user/ros2_ws/install/deepmind_bot_description:/home/user/ros2_ws/install/custom_msgs:/home/user/ros2_ws/install/advanced_perception:/opt/ros/humble'), ('CMAKE_PREFIX_PATH', '/home/user/ros2_ws/install/deepmind_bot_trajectory_sender:/home/user/ros2_ws/install/deepmind_bot_navigation:/home/user/ros2_ws/install/deepmind_bot_gazebo:/home/user/ros2_ws/install/deepmind_bot_description:/home/user/ros2_ws/install/custom_msgs:/home/user/ros2_ws/install/advanced_perception:/opt/ros/humble'), ('GAZEBO_RESOURCE_PATH', '/usr/share/gazebo-11:/usr/share/gazebo-11:/usr/share/gazebo'), ('COLCON_PREFIX_PATH', '/home/simulations/ros2_sims_ws/install:/home/user/ros2_ws/install'), ('GAZEBO_MASTER_PORT', '11345'), ('NVM_DIR', '/usr/local/share/shell/.nvm'), ('LESSCLOSE', '/usr/bin/lesspipe %s %s'), ('PYTHONPATH', '/home/user/ros2_ws/install/custom_msgs/local/lib/python3.10/dist-packages:/home/user/ros2_ws/install/advanced_perception/lib/python3.10/site-packages:/opt/ros/humble/lib/python3.10/site-packages:/opt/ros/humble/local/lib/python3.10/dist-packages:/home/simulations/public_sim_ws/src/all/ros_basics_examples/python_course_class:/home/simulations/public_sim_ws/src/ros_basics_examples/python_course_class:/home/simulations/public_sim_ws/src/all/kinematics_course_utils/kinematics'), ('COLCON', '1'), ('TERM', 'xterm-color'), ('LESSOPEN', '| /usr/bin/lesspipe %s'), ('SNAPCRAFT_BUILD_ENVIRONMENT', 'host'), ('GAZEBO_MASTER_HOSTNAME', '3_xterm'), ('DISPLAY', ':1'), ('SHLVL', '2'), ('NVM_CD_FLAGS', ''), ('ROS_MASTER_URI', 'http://3_xterm:11311'), ('ROS_HOSTNAME', '3_xterm'), ('LD_LIBRARY_PATH', '/usr/local/cuda-10.2/lib64:/home/user/.catkin_ws_python3/src/TensorRT-7.0.0.11/lib:/home/user/ros2_ws/install/custom_msgs/lib:/opt/ros/humble/opt/rviz_ogre_vendor/lib:/opt/ros/humble/lib/x86_64-linux-gnu:/opt/ros/humble/lib:/usr/local/cuda-10.2/lib64:/home/user/.catkin_ws_python3/src/TensorRT-7.0.0.11/lib::/usr/lib/x86_64-linux-gnu/gazebo-11/plugins::/usr/lib/x86_64-linux-gnu/gazebo-11/plugins:/usr/lib/x86_64-linux-gnu/gazebo-11/plugins:'), ('ROS_LOCALHOST_ONLY', '0'), ('SLOT_SHELL_START_ID', '999794'), ('SLOT_PREFIX', 'fd482a6d-ceb5-43de-9987-811f8262270e'), ('LC_ALL', 'C'), ('SOURCE_ROS1_WS', ''), ('GAZEBO_MODEL_PATH', '/usr/share/gazebo-11/models:/usr/share/gazebo-11/models:/usr/share/gazebo-9/models:/usr/share/gazebo/models_robox'), ('SLOT_JENKINS_PORT', '25593'), ('SLOT_SYSTEMD', 'False'), ('PATH', '/opt/ros/humble/bin:/usr/local/share/shell/.nvm/versions/node/v8.17.0/bin:/usr/local/sbin:/usr/local/bin:/usr/sbin:/usr/bin:/sbin:/bin:/home/user/.cargo/bin:/home/user/.cargo/bin'), ('SELECTED_ROS_DISTRO', 'humble'), ('NVM_BIN', '/usr/local/share/shell/.nvm/versions/node/v8.17.0/bin'), ('NODE_VERSION', 'v8.17.0'), ('DEBIAN_FRONTEND', 'noninteractive'), ('ROS_DISTRO', 'humble'), ('GAZEBO_VERBOSE', '0'), ('OGRE_RESOURCE_PATH', '/usr/lib/x86_64-linux-gnu/OGRE-1.9.0'), ('OLDPWD', '/home/user/ros2_ws'), ('SOURCE_ROS2_WS', 'True'), ('SLOT_ROSBRIDGE_PORT', '20003'), ('_', '/usr/bin/env')]), 'shell': False}
[0.836986] (yolo_msgs) StdoutLine: {'line': b'-- Install configuration: ""\n'}
[0.837341] (yolo_msgs) StdoutLine: {'line': b'-- Up-to-date: /home/user/ros2_ws/install/yolo_msgs/share/ament_index/resource_index/rosidl_interfaces/yolo_msgs\n'}
[0.837455] (yolo_msgs) StdoutLine: {'line': b'-- Up-to-date: /home/user/ros2_ws/install/yolo_msgs/include/yolo_msgs/yolo_msgs\n'}
[0.837639] (yolo_msgs) StdoutLine: {'line': b'-- Up-to-date: /home/user/ros2_ws/install/yolo_msgs/include/yolo_msgs/yolo_msgs/srv\n'}
[0.837723] (yolo_msgs) StdoutLine: {'line': b'-- Up-to-date: /home/user/ros2_ws/install/yolo_msgs/include/yolo_msgs/yolo_msgs/srv/detail\n'}
[0.837959] (yolo_msgs) StdoutLine: {'line': b'-- Up-to-date: /home/user/ros2_ws/install/yolo_msgs/include/yolo_msgs/yolo_msgs/srv/detail/set_classes__type_support.h\n'}
[0.838136] (yolo_msgs) StdoutLine: {'line': b'-- Up-to-date: /home/user/ros2_ws/install/yolo_msgs/include/yolo_msgs/yolo_msgs/srv/detail/set_classes__functions.c\n'}
[0.838278] (yolo_msgs) StdoutLine: {'line': b'-- Up-to-date: /home/user/ros2_ws/install/yolo_msgs/include/yolo_msgs/yolo_msgs/srv/detail/set_classes__functions.h\n'}
[0.838485] (yolo_msgs) StdoutLine: {'line': b'-- Up-to-date: /home/user/ros2_ws/install/yolo_msgs/include/yolo_msgs/yolo_msgs/srv/detail/set_classes__struct.h\n'}
[0.838635] (yolo_msgs) StdoutLine: {'line': b'-- Up-to-date: /home/user/ros2_ws/install/yolo_msgs/include/yolo_msgs/yolo_msgs/srv/set_classes.h\n'}
[0.838837] (yolo_msgs) StdoutLine: {'line': b'-- Up-to-date: /home/user/ros2_ws/install/yolo_msgs/include/yolo_msgs/yolo_msgs/msg\n'}
[0.838937] (yolo_msgs) StdoutLine: {'line': b'-- Up-to-date: /home/user/ros2_ws/install/yolo_msgs/include/yolo_msgs/yolo_msgs/msg/detail\n'}
[0.839033] (yolo_msgs) StdoutLine: {'line': b'-- Up-to-date: /home/user/ros2_ws/install/yolo_msgs/include/yolo_msgs/yolo_msgs/msg/detail/point2_d__functions.c\n'}
[0.839127] (yolo_msgs) StdoutLine: {'line': b'-- Up-to-date: /home/user/ros2_ws/install/yolo_msgs/include/yolo_msgs/yolo_msgs/msg/detail/key_point3_d__type_support.h\n'}
[0.839223] (yolo_msgs) StdoutLine: {'line': b'-- Up-to-date: /home/user/ros2_ws/install/yolo_msgs/include/yolo_msgs/yolo_msgs/msg/detail/bounding_box3_d__functions.h\n'}
[0.839315] (yolo_msgs) StdoutLine: {'line': b'-- Up-to-date: /home/user/ros2_ws/install/yolo_msgs/include/yolo_msgs/yolo_msgs/msg/detail/detection_array__functions.h\n'}
[0.839409] (yolo_msgs) StdoutLine: {'line': b'-- Up-to-date: /home/user/ros2_ws/install/yolo_msgs/include/yolo_msgs/yolo_msgs/msg/detail/key_point2_d_array__functions.c\n'}
[0.839507] (yolo_msgs) StdoutLine: {'line': b'-- Up-to-date: /home/user/ros2_ws/install/yolo_msgs/include/yolo_msgs/yolo_msgs/msg/detail/detection_array__type_support.h\n'}
[0.839771] (yolo_msgs) StdoutLine: {'line': b'-- Up-to-date: /home/user/ros2_ws/install/yolo_msgs/include/yolo_msgs/yolo_msgs/msg/detail/key_point2_d_array__struct.h\n'}
[0.839933] (yolo_msgs) StdoutLine: {'line': b'-- Up-to-date: /home/user/ros2_ws/install/yolo_msgs/include/yolo_msgs/yolo_msgs/msg/detail/key_point3_d_array__struct.h\n'}
[0.840099] (yolo_msgs) StdoutLine: {'line': b'-- Up-to-date: /home/user/ros2_ws/install/yolo_msgs/include/yolo_msgs/yolo_msgs/msg/detail/key_point3_d__functions.c\n'}
[0.840791] (yolo_msgs) StdoutLine: {'line': b'-- Up-to-date: /home/user/ros2_ws/install/yolo_msgs/include/yolo_msgs/yolo_msgs/msg/detail/key_point2_d_array__functions.h\n'}
[0.840869] (yolo_msgs) StdoutLine: {'line': b'-- Up-to-date: /home/user/ros2_ws/install/yolo_msgs/include/yolo_msgs/yolo_msgs/msg/detail/pose2_d__functions.h\n'}
[0.840920] (yolo_msgs) StdoutLine: {'line': b'-- Up-to-date: /home/user/ros2_ws/install/yolo_msgs/include/yolo_msgs/yolo_msgs/msg/detail/detection__functions.c\n'}
[0.841006] (yolo_msgs) StdoutLine: {'line': b'-- Up-to-date: /home/user/ros2_ws/install/yolo_msgs/include/yolo_msgs/yolo_msgs/msg/detail/bounding_box3_d__functions.c\n'}
[0.841057] (yolo_msgs) StdoutLine: {'line': b'-- Up-to-date: /home/user/ros2_ws/install/yolo_msgs/include/yolo_msgs/yolo_msgs/msg/detail/key_point2_d__type_support.h\n'}
[0.841107] (yolo_msgs) StdoutLine: {'line': b'-- Up-to-date: /home/user/ros2_ws/install/yolo_msgs/include/yolo_msgs/yolo_msgs/msg/detail/mask__functions.c\n'}
[0.841176] (yolo_msgs) StdoutLine: {'line': b'-- Up-to-date: /home/user/ros2_ws/install/yolo_msgs/include/yolo_msgs/yolo_msgs/msg/detail/mask__functions.h\n'}
[0.841315] (yolo_msgs) StdoutLine: {'line': b'-- Up-to-date: /home/user/ros2_ws/install/yolo_msgs/include/yolo_msgs/yolo_msgs/msg/detail/vector2__type_support.h\n'}
[0.841384] (yolo_msgs) StdoutLine: {'line': b'-- Up-to-date: /home/user/ros2_ws/install/yolo_msgs/include/yolo_msgs/yolo_msgs/msg/detail/detection_array__struct.h\n'}
[0.841539] (yolo_msgs) StdoutLine: {'line': b'-- Up-to-date: /home/user/ros2_ws/install/yolo_msgs/include/yolo_msgs/yolo_msgs/msg/detail/key_point3_d_array__functions.c\n'}
[0.841610] (yolo_msgs) StdoutLine: {'line': b'-- Up-to-date: /home/user/ros2_ws/install/yolo_msgs/include/yolo_msgs/yolo_msgs/msg/detail/bounding_box2_d__struct.h\n'}
[0.841756] (yolo_msgs) StdoutLine: {'line': b'-- Up-to-date: /home/user/ros2_ws/install/yolo_msgs/include/yolo_msgs/yolo_msgs/msg/detail/pose2_d__struct.h\n'}
[0.841839] (yolo_msgs) StdoutLine: {'line': b'-- Up-to-date: /home/user/ros2_ws/install/yolo_msgs/include/yolo_msgs/yolo_msgs/msg/detail/point2_d__type_support.h\n'}
[0.841908] (yolo_msgs) StdoutLine: {'line': b'-- Up-to-date: /home/user/ros2_ws/install/yolo_msgs/include/yolo_msgs/yolo_msgs/msg/detail/mask__type_support.h\n'}
[0.842051] (yolo_msgs) StdoutLine: {'line': b'-- Up-to-date: /home/user/ros2_ws/install/yolo_msgs/include/yolo_msgs/yolo_msgs/msg/detail/key_point3_d__functions.h\n'}
[0.842102] (yolo_msgs) StdoutLine: {'line': b'-- Up-to-date: /home/user/ros2_ws/install/yolo_msgs/include/yolo_msgs/yolo_msgs/msg/detail/key_point2_d_array__type_support.h\n'}
[0.842153] (yolo_msgs) StdoutLine: {'line': b'-- Up-to-date: /home/user/ros2_ws/install/yolo_msgs/include/yolo_msgs/yolo_msgs/msg/detail/mask__struct.h\n'}
[0.842255] (yolo_msgs) StdoutLine: {'line': b'-- Up-to-date: /home/user/ros2_ws/install/yolo_msgs/include/yolo_msgs/yolo_msgs/msg/detail/detection_array__functions.c\n'}
[0.842306] (yolo_msgs) StdoutLine: {'line': b'-- Up-to-date: /home/user/ros2_ws/install/yolo_msgs/include/yolo_msgs/yolo_msgs/msg/detail/bounding_box2_d__functions.c\n'}
[0.842360] (yolo_msgs) StdoutLine: {'line': b'-- Up-to-date: /home/user/ros2_ws/install/yolo_msgs/include/yolo_msgs/yolo_msgs/msg/detail/key_point2_d__struct.h\n'}
[0.842482] (yolo_msgs) StdoutLine: {'line': b'-- Up-to-date: /home/user/ros2_ws/install/yolo_msgs/include/yolo_msgs/yolo_msgs/msg/detail/detection__functions.h\n'}
[0.842548] (yolo_msgs) StdoutLine: {'line': b'-- Up-to-date: /home/user/ros2_ws/install/yolo_msgs/include/yolo_msgs/yolo_msgs/msg/detail/vector2__struct.h\n'}
[0.842626] (yolo_msgs) StdoutLine: {'line': b'-- Up-to-date: /home/user/ros2_ws/install/yolo_msgs/include/yolo_msgs/yolo_msgs/msg/detail/pose2_d__type_support.h\n'}
[0.842774] (yolo_msgs) StdoutLine: {'line': b'-- Up-to-date: /home/user/ros2_ws/install/yolo_msgs/include/yolo_msgs/yolo_msgs/msg/detail/bounding_box2_d__functions.h\n'}
[0.842893] (yolo_msgs) StdoutLine: {'line': b'-- Up-to-date: /home/user/ros2_ws/install/yolo_msgs/include/yolo_msgs/yolo_msgs/msg/detail/detection__struct.h\n'}
[0.843114] (yolo_msgs) StdoutLine: {'line': b'-- Up-to-date: /home/user/ros2_ws/install/yolo_msgs/include/yolo_msgs/yolo_msgs/msg/detail/bounding_box3_d__struct.h\n'}
[0.843306] (yolo_msgs) StdoutLine: {'line': b'-- Up-to-date: /home/user/ros2_ws/install/yolo_msgs/include/yolo_msgs/yolo_msgs/msg/detail/detection__type_support.h\n'}
[0.843497] (yolo_msgs) StdoutLine: {'line': b'-- Up-to-date: /home/user/ros2_ws/install/yolo_msgs/include/yolo_msgs/yolo_msgs/msg/detail/bounding_box2_d__type_support.h\n'}
[0.843775] (yolo_msgs) StdoutLine: {'line': b'-- Up-to-date: /home/user/ros2_ws/install/yolo_msgs/include/yolo_msgs/yolo_msgs/msg/detail/point2_d__functions.h\n'}
[0.843974] (yolo_msgs) StdoutLine: {'line': b'-- Up-to-date: /home/user/ros2_ws/install/yolo_msgs/include/yolo_msgs/yolo_msgs/msg/detail/key_point3_d__struct.h\n'}
[0.844156] (yolo_msgs) StdoutLine: {'line': b'-- Up-to-date: /home/user/ros2_ws/install/yolo_msgs/include/yolo_msgs/yolo_msgs/msg/detail/key_point3_d_array__functions.h\n'}
[0.844348] (yolo_msgs) StdoutLine: {'line': b'-- Up-to-date: /home/user/ros2_ws/install/yolo_msgs/include/yolo_msgs/yolo_msgs/msg/detail/key_point2_d__functions.h\n'}
[0.844575] (yolo_msgs) StdoutLine: {'line': b'-- Up-to-date: /home/user/ros2_ws/install/yolo_msgs/include/yolo_msgs/yolo_msgs/msg/detail/pose2_d__functions.c\n'}
[0.844727] (yolo_msgs) StdoutLine: {'line': b'-- Up-to-date: /home/user/ros2_ws/install/yolo_msgs/include/yolo_msgs/yolo_msgs/msg/detail/key_point2_d__functions.c\n'}
[0.844872] (yolo_msgs) StdoutLine: {'line': b'-- Up-to-date: /home/user/ros2_ws/install/yolo_msgs/include/yolo_msgs/yolo_msgs/msg/detail/vector2__functions.c\n'}
[0.844961] (yolo_msgs) StdoutLine: {'line': b'-- Up-to-date: /home/user/ros2_ws/install/yolo_msgs/include/yolo_msgs/yolo_msgs/msg/detail/key_point3_d_array__type_support.h\n'}
[0.845178] (yolo_msgs) StdoutLine: {'line': b'-- Up-to-date: /home/user/ros2_ws/install/yolo_msgs/include/yolo_msgs/yolo_msgs/msg/detail/point2_d__struct.h\n'}
[0.845269] (yolo_msgs) StdoutLine: {'line': b'-- Up-to-date: /home/user/ros2_ws/install/yolo_msgs/include/yolo_msgs/yolo_msgs/msg/detail/vector2__functions.h\n'}
[0.845496] (yolo_msgs) StdoutLine: {'line': b'-- Up-to-date: /home/user/ros2_ws/install/yolo_msgs/include/yolo_msgs/yolo_msgs/msg/detail/bounding_box3_d__type_support.h\n'}
[0.845658] (yolo_msgs) StdoutLine: {'line': b'-- Up-to-date: /home/user/ros2_ws/install/yolo_msgs/include/yolo_msgs/yolo_msgs/msg/rosidl_generator_c__visibility_control.h\n'}
[0.845774] (yolo_msgs) StdoutLine: {'line': b'-- Up-to-date: /home/user/ros2_ws/install/yolo_msgs/include/yolo_msgs/yolo_msgs/msg/mask.h\n'}
[0.845837] (yolo_msgs) StdoutLine: {'line': b'-- Up-to-date: /home/user/ros2_ws/install/yolo_msgs/include/yolo_msgs/yolo_msgs/msg/pose2_d.h\n'}
[0.845934] (yolo_msgs) StdoutLine: {'line': b'-- Up-to-date: /home/user/ros2_ws/install/yolo_msgs/include/yolo_msgs/yolo_msgs/msg/key_point3_d_array.h\n'}
[0.846001] (yolo_msgs) StdoutLine: {'line': b'-- Up-to-date: /home/user/ros2_ws/install/yolo_msgs/include/yolo_msgs/yolo_msgs/msg/key_point2_d.h\n'}
[0.846063] (yolo_msgs) StdoutLine: {'line': b'-- Up-to-date: /home/user/ros2_ws/install/yolo_msgs/include/yolo_msgs/yolo_msgs/msg/vector2.h\n'}
[0.846215] (yolo_msgs) StdoutLine: {'line': b'-- Up-to-date: /home/user/ros2_ws/install/yolo_msgs/include/yolo_msgs/yolo_msgs/msg/point2_d.h\n'}
[0.846368] (yolo_msgs) StdoutLine: {'line': b'-- Up-to-date: /home/user/ros2_ws/install/yolo_msgs/include/yolo_msgs/yolo_msgs/msg/detection.h\n'}
[0.846574] (yolo_msgs) StdoutLine: {'line': b'-- Up-to-date: /home/user/ros2_ws/install/yolo_msgs/include/yolo_msgs/yolo_msgs/msg/detection_array.h\n'}
[0.846770] (yolo_msgs) StdoutLine: {'line': b'-- Up-to-date: /home/user/ros2_ws/install/yolo_msgs/include/yolo_msgs/yolo_msgs/msg/key_point2_d_array.h\n'}
[0.846924] (yolo_msgs) StdoutLine: {'line': b'-- Up-to-date: /home/user/ros2_ws/install/yolo_msgs/include/yolo_msgs/yolo_msgs/msg/key_point3_d.h\n'}
[0.847115] (yolo_msgs) StdoutLine: {'line': b'-- Up-to-date: /home/user/ros2_ws/install/yolo_msgs/include/yolo_msgs/yolo_msgs/msg/bounding_box2_d.h\n'}
[0.847226] (yolo_msgs) StdoutLine: {'line': b'-- Up-to-date: /home/user/ros2_ws/install/yolo_msgs/include/yolo_msgs/yolo_msgs/msg/bounding_box3_d.h\n'}
[0.847289] (yolo_msgs) StdoutLine: {'line': b'-- Up-to-date: /home/user/ros2_ws/install/yolo_msgs/share/yolo_msgs/environment/library_path.sh\n'}
[0.847353] (yolo_msgs) StdoutLine: {'line': b'-- Up-to-date: /home/user/ros2_ws/install/yolo_msgs/share/yolo_msgs/environment/library_path.dsv\n'}
[0.847482] (yolo_msgs) StdoutLine: {'line': b'-- Up-to-date: /home/user/ros2_ws/install/yolo_msgs/lib/libyolo_msgs__rosidl_generator_c.so\n'}
[0.847551] (yolo_msgs) StdoutLine: {'line': b'-- Up-to-date: /home/user/ros2_ws/install/yolo_msgs/include/yolo_msgs/yolo_msgs\n'}
[0.847649] (yolo_msgs) StdoutLine: {'line': b'-- Up-to-date: /home/user/ros2_ws/install/yolo_msgs/include/yolo_msgs/yolo_msgs/srv\n'}
[0.847772] (yolo_msgs) StdoutLine: {'line': b'-- Up-to-date: /home/user/ros2_ws/install/yolo_msgs/include/yolo_msgs/yolo_msgs/srv/detail\n'}
[0.847857] (yolo_msgs) StdoutLine: {'line': b'-- Up-to-date: /home/user/ros2_ws/install/yolo_msgs/include/yolo_msgs/yolo_msgs/srv/detail/set_classes__rosidl_typesupport_fastrtps_c.h\n'}
[0.847930] (yolo_msgs) StdoutLine: {'line': b'-- Up-to-date: /home/user/ros2_ws/install/yolo_msgs/include/yolo_msgs/yolo_msgs/msg\n'}
[0.848062] (yolo_msgs) StdoutLine: {'line': b'-- Up-to-date: /home/user/ros2_ws/install/yolo_msgs/include/yolo_msgs/yolo_msgs/msg/detail\n'}
[0.848129] (yolo_msgs) StdoutLine: {'line': b'-- Up-to-date: /home/user/ros2_ws/install/yolo_msgs/include/yolo_msgs/yolo_msgs/msg/detail/mask__rosidl_typesupport_fastrtps_c.h\n'}
[0.848194] (yolo_msgs) StdoutLine: {'line': b'-- Up-to-date: /home/user/ros2_ws/install/yolo_msgs/include/yolo_msgs/yolo_msgs/msg/detail/point2_d__rosidl_typesupport_fastrtps_c.h\n'}
[0.848252] (yolo_msgs) StdoutLine: {'line': b'-- Up-to-date: /home/user/ros2_ws/install/yolo_msgs/include/yolo_msgs/yolo_msgs/msg/detail/detection__rosidl_typesupport_fastrtps_c.h\n'}
[0.848350] (yolo_msgs) StdoutLine: {'line': b'-- Up-to-date: /home/user/ros2_ws/install/yolo_msgs/include/yolo_msgs/yolo_msgs/msg/detail/key_point3_d_array__rosidl_typesupport_fastrtps_c.h\n'}
[0.848503] (yolo_msgs) StdoutLine: {'line': b'-- Up-to-date: /home/user/ros2_ws/install/yolo_msgs/include/yolo_msgs/yolo_msgs/msg/detail/detection_array__rosidl_typesupport_fastrtps_c.h\n'}
[0.848569] (yolo_msgs) StdoutLine: {'line': b'-- Up-to-date: /home/user/ros2_ws/install/yolo_msgs/include/yolo_msgs/yolo_msgs/msg/detail/key_point3_d__rosidl_typesupport_fastrtps_c.h\n'}
[0.848683] (yolo_msgs) StdoutLine: {'line': b'-- Up-to-date: /home/user/ros2_ws/install/yolo_msgs/include/yolo_msgs/yolo_msgs/msg/detail/key_point2_d__rosidl_typesupport_fastrtps_c.h\n'}
[0.848745] (yolo_msgs) StdoutLine: {'line': b'-- Up-to-date: /home/user/ros2_ws/install/yolo_msgs/include/yolo_msgs/yolo_msgs/msg/detail/pose2_d__rosidl_typesupport_fastrtps_c.h\n'}
[0.848850] (yolo_msgs) StdoutLine: {'line': b'-- Up-to-date: /home/user/ros2_ws/install/yolo_msgs/include/yolo_msgs/yolo_msgs/msg/detail/bounding_box3_d__rosidl_typesupport_fastrtps_c.h\n'}
[0.849003] (yolo_msgs) StdoutLine: {'line': b'-- Up-to-date: /home/user/ros2_ws/install/yolo_msgs/include/yolo_msgs/yolo_msgs/msg/detail/key_point2_d_array__rosidl_typesupport_fastrtps_c.h\n'}
[0.849155] (yolo_msgs) StdoutLine: {'line': b'-- Up-to-date: /home/user/ros2_ws/install/yolo_msgs/include/yolo_msgs/yolo_msgs/msg/detail/vector2__rosidl_typesupport_fastrtps_c.h\n'}
[0.849297] (yolo_msgs) StdoutLine: {'line': b'-- Up-to-date: /home/user/ros2_ws/install/yolo_msgs/include/yolo_msgs/yolo_msgs/msg/detail/bounding_box2_d__rosidl_typesupport_fastrtps_c.h\n'}
[0.849421] (yolo_msgs) StdoutLine: {'line': b'-- Up-to-date: /home/user/ros2_ws/install/yolo_msgs/include/yolo_msgs/yolo_msgs/msg/rosidl_typesupport_fastrtps_c__visibility_control.h\n'}
[0.849562] (yolo_msgs) StdoutLine: {'line': b'-- Up-to-date: /home/user/ros2_ws/install/yolo_msgs/lib/libyolo_msgs__rosidl_typesupport_fastrtps_c.so\n'}
[0.849696] (yolo_msgs) StdoutLine: {'line': b'-- Up-to-date: /home/user/ros2_ws/install/yolo_msgs/include/yolo_msgs/yolo_msgs\n'}
[0.849804] (yolo_msgs) StdoutLine: {'line': b'-- Up-to-date: /home/user/ros2_ws/install/yolo_msgs/include/yolo_msgs/yolo_msgs/srv\n'}
[0.849913] (yolo_msgs) StdoutLine: {'line': b'-- Up-to-date: /home/user/ros2_ws/install/yolo_msgs/include/yolo_msgs/yolo_msgs/srv/detail\n'}
[0.850006] (yolo_msgs) StdoutLine: {'line': b'-- Up-to-date: /home/user/ros2_ws/install/yolo_msgs/include/yolo_msgs/yolo_msgs/srv/detail/set_classes__rosidl_typesupport_introspection_c.h\n'}
[0.850115] (yolo_msgs) StdoutLine: {'line': b'-- Up-to-date: /home/user/ros2_ws/install/yolo_msgs/include/yolo_msgs/yolo_msgs/srv/detail/set_classes__type_support.c\n'}
[0.850179] (yolo_msgs) StdoutLine: {'line': b'-- Up-to-date: /home/user/ros2_ws/install/yolo_msgs/include/yolo_msgs/yolo_msgs/msg\n'}
[0.850241] (yolo_msgs) StdoutLine: {'line': b'-- Up-to-date: /home/user/ros2_ws/install/yolo_msgs/include/yolo_msgs/yolo_msgs/msg/detail\n'}
[0.850302] (yolo_msgs) StdoutLine: {'line': b'-- Up-to-date: /home/user/ros2_ws/install/yolo_msgs/include/yolo_msgs/yolo_msgs/msg/detail/bounding_box2_d__rosidl_typesupport_introspection_c.h\n'}
[0.850368] (yolo_msgs) StdoutLine: {'line': b'-- Up-to-date: /home/user/ros2_ws/install/yolo_msgs/include/yolo_msgs/yolo_msgs/msg/detail/key_point2_d__rosidl_typesupport_introspection_c.h\n'}
[0.850429] (yolo_msgs) StdoutLine: {'line': b'-- Up-to-date: /home/user/ros2_ws/install/yolo_msgs/include/yolo_msgs/yolo_msgs/msg/detail/mask__rosidl_typesupport_introspection_c.h\n'}
[0.850494] (yolo_msgs) StdoutLine: {'line': b'-- Up-to-date: /home/user/ros2_ws/install/yolo_msgs/include/yolo_msgs/yolo_msgs/msg/detail/key_point3_d_array__rosidl_typesupport_introspection_c.h\n'}
[0.850579] (yolo_msgs) StdoutLine: {'line': b'-- Up-to-date: /home/user/ros2_ws/install/yolo_msgs/include/yolo_msgs/yolo_msgs/msg/detail/key_point2_d_array__type_support.c\n'}
[0.850673] (yolo_msgs) StdoutLine: {'line': b'-- Up-to-date: /home/user/ros2_ws/install/yolo_msgs/include/yolo_msgs/yolo_msgs/msg/detail/point2_d__type_support.c\n'}
[0.850763] (yolo_msgs) StdoutLine: {'line': b'-- Up-to-date: /home/user/ros2_ws/install/yolo_msgs/include/yolo_msgs/yolo_msgs/msg/detail/vector2__rosidl_typesupport_introspection_c.h\n'}
[0.850856] (yolo_msgs) StdoutLine: {'line': b'-- Up-to-date: /home/user/ros2_ws/install/yolo_msgs/include/yolo_msgs/yolo_msgs/msg/detail/key_point2_d__type_support.c\n'}
[0.850960] (yolo_msgs) StdoutLine: {'line': b'-- Up-to-date: /home/user/ros2_ws/install/yolo_msgs/include/yolo_msgs/yolo_msgs/msg/detail/key_point2_d_array__rosidl_typesupport_introspection_c.h\n'}
[0.851058] (yolo_msgs) StdoutLine: {'line': b'-- Up-to-date: /home/user/ros2_ws/install/yolo_msgs/include/yolo_msgs/yolo_msgs/msg/detail/pose2_d__rosidl_typesupport_introspection_c.h\n'}
[0.851158] (yolo_msgs) StdoutLine: {'line': b'-- Up-to-date: /home/user/ros2_ws/install/yolo_msgs/include/yolo_msgs/yolo_msgs/msg/detail/bounding_box3_d__type_support.c\n'}
[0.851255] (yolo_msgs) StdoutLine: {'line': b'-- Up-to-date: /home/user/ros2_ws/install/yolo_msgs/include/yolo_msgs/yolo_msgs/msg/detail/detection_array__type_support.c\n'}
[0.851354] (yolo_msgs) StdoutLine: {'line': b'-- Up-to-date: /home/user/ros2_ws/install/yolo_msgs/include/yolo_msgs/yolo_msgs/msg/detail/point2_d__rosidl_typesupport_introspection_c.h\n'}
[0.851452] (yolo_msgs) StdoutLine: {'line': b'-- Up-to-date: /home/user/ros2_ws/install/yolo_msgs/include/yolo_msgs/yolo_msgs/msg/detail/detection__type_support.c\n'}
[0.851559] (yolo_msgs) StdoutLine: {'line': b'-- Up-to-date: /home/user/ros2_ws/install/yolo_msgs/include/yolo_msgs/yolo_msgs/msg/detail/pose2_d__type_support.c\n'}
[0.851708] (yolo_msgs) StdoutLine: {'line': b'-- Up-to-date: /home/user/ros2_ws/install/yolo_msgs/include/yolo_msgs/yolo_msgs/msg/detail/key_point3_d_array__type_support.c\n'}
[0.851817] (yolo_msgs) StdoutLine: {'line': b'-- Up-to-date: /home/user/ros2_ws/install/yolo_msgs/include/yolo_msgs/yolo_msgs/msg/detail/key_point3_d__rosidl_typesupport_introspection_c.h\n'}
[0.851928] (yolo_msgs) StdoutLine: {'line': b'-- Up-to-date: /home/user/ros2_ws/install/yolo_msgs/include/yolo_msgs/yolo_msgs/msg/detail/key_point3_d__type_support.c\n'}
[0.852041] (yolo_msgs) StdoutLine: {'line': b'-- Up-to-date: /home/user/ros2_ws/install/yolo_msgs/include/yolo_msgs/yolo_msgs/msg/detail/detection__rosidl_typesupport_introspection_c.h\n'}
[0.852140] (yolo_msgs) StdoutLine: {'line': b'-- Up-to-date: /home/user/ros2_ws/install/yolo_msgs/include/yolo_msgs/yolo_msgs/msg/detail/bounding_box2_d__type_support.c\n'}
[0.852248] (yolo_msgs) StdoutLine: {'line': b'-- Up-to-date: /home/user/ros2_ws/install/yolo_msgs/include/yolo_msgs/yolo_msgs/msg/detail/bounding_box3_d__rosidl_typesupport_introspection_c.h\n'}
[0.852345] (yolo_msgs) StdoutLine: {'line': b'-- Up-to-date: /home/user/ros2_ws/install/yolo_msgs/include/yolo_msgs/yolo_msgs/msg/detail/vector2__type_support.c\n'}
[0.852447] (yolo_msgs) StdoutLine: {'line': b'-- Up-to-date: /home/user/ros2_ws/install/yolo_msgs/include/yolo_msgs/yolo_msgs/msg/detail/detection_array__rosidl_typesupport_introspection_c.h\n'}
[0.852560] (yolo_msgs) StdoutLine: {'line': b'-- Up-to-date: /home/user/ros2_ws/install/yolo_msgs/include/yolo_msgs/yolo_msgs/msg/detail/mask__type_support.c\n'}
[0.852666] (yolo_msgs) StdoutLine: {'line': b'-- Up-to-date: /home/user/ros2_ws/install/yolo_msgs/include/yolo_msgs/yolo_msgs/msg/rosidl_typesupport_introspection_c__visibility_control.h\n'}
[0.852777] (yolo_msgs) StdoutLine: {'line': b'-- Up-to-date: /home/user/ros2_ws/install/yolo_msgs/lib/libyolo_msgs__rosidl_typesupport_introspection_c.so\n'}
[0.852888] (yolo_msgs) StdoutLine: {'line': b'-- Up-to-date: /home/user/ros2_ws/install/yolo_msgs/lib/libyolo_msgs__rosidl_typesupport_c.so\n'}
[0.852998] (yolo_msgs) StdoutLine: {'line': b'-- Up-to-date: /home/user/ros2_ws/install/yolo_msgs/include/yolo_msgs/yolo_msgs\n'}
[0.853109] (yolo_msgs) StdoutLine: {'line': b'-- Up-to-date: /home/user/ros2_ws/install/yolo_msgs/include/yolo_msgs/yolo_msgs/srv\n'}
[0.853223] (yolo_msgs) StdoutLine: {'line': b'-- Up-to-date: /home/user/ros2_ws/install/yolo_msgs/include/yolo_msgs/yolo_msgs/srv/detail\n'}
[0.853335] (yolo_msgs) StdoutLine: {'line': b'-- Up-to-date: /home/user/ros2_ws/install/yolo_msgs/include/yolo_msgs/yolo_msgs/srv/detail/set_classes__type_support.hpp\n'}
[0.853445] (yolo_msgs) StdoutLine: {'line': b'-- Up-to-date: /home/user/ros2_ws/install/yolo_msgs/include/yolo_msgs/yolo_msgs/srv/detail/set_classes__traits.hpp\n'}
[0.853558] (yolo_msgs) StdoutLine: {'line': b'-- Up-to-date: /home/user/ros2_ws/install/yolo_msgs/include/yolo_msgs/yolo_msgs/srv/detail/set_classes__struct.hpp\n'}
[0.853668] (yolo_msgs) StdoutLine: {'line': b'-- Up-to-date: /home/user/ros2_ws/install/yolo_msgs/include/yolo_msgs/yolo_msgs/srv/detail/set_classes__builder.hpp\n'}
[0.853779] (yolo_msgs) StdoutLine: {'line': b'-- Up-to-date: /home/user/ros2_ws/install/yolo_msgs/include/yolo_msgs/yolo_msgs/srv/set_classes.hpp\n'}
[0.853889] (yolo_msgs) StdoutLine: {'line': b'-- Up-to-date: /home/user/ros2_ws/install/yolo_msgs/include/yolo_msgs/yolo_msgs/msg\n'}
[0.854011] (yolo_msgs) StdoutLine: {'line': b'-- Up-to-date: /home/user/ros2_ws/install/yolo_msgs/include/yolo_msgs/yolo_msgs/msg/detail\n'}
[0.854127] (yolo_msgs) StdoutLine: {'line': b'-- Up-to-date: /home/user/ros2_ws/install/yolo_msgs/include/yolo_msgs/yolo_msgs/msg/detail/bounding_box2_d__type_support.hpp\n'}
[0.854240] (yolo_msgs) StdoutLine: {'line': b'-- Up-to-date: /home/user/ros2_ws/install/yolo_msgs/include/yolo_msgs/yolo_msgs/msg/detail/vector2__struct.hpp\n'}
[0.854357] (yolo_msgs) StdoutLine: {'line': b'-- Up-to-date: /home/user/ros2_ws/install/yolo_msgs/include/yolo_msgs/yolo_msgs/msg/detail/key_point3_d_array__builder.hpp\n'}
[0.854472] (yolo_msgs) StdoutLine: {'line': b'-- Up-to-date: /home/user/ros2_ws/install/yolo_msgs/include/yolo_msgs/yolo_msgs/msg/detail/mask__struct.hpp\n'}
[0.854588] (yolo_msgs) StdoutLine: {'line': b'-- Up-to-date: /home/user/ros2_ws/install/yolo_msgs/include/yolo_msgs/yolo_msgs/msg/detail/bounding_box2_d__struct.hpp\n'}
[0.854705] (yolo_msgs) StdoutLine: {'line': b'-- Up-to-date: /home/user/ros2_ws/install/yolo_msgs/include/yolo_msgs/yolo_msgs/msg/detail/key_point3_d_array__struct.hpp\n'}
[0.854819] (yolo_msgs) StdoutLine: {'line': b'-- Up-to-date: /home/user/ros2_ws/install/yolo_msgs/include/yolo_msgs/yolo_msgs/msg/detail/detection__builder.hpp\n'}
[0.854933] (yolo_msgs) StdoutLine: {'line': b'-- Up-to-date: /home/user/ros2_ws/install/yolo_msgs/include/yolo_msgs/yolo_msgs/msg/detail/mask__traits.hpp\n'}
[0.855050] (yolo_msgs) StdoutLine: {'line': b'-- Up-to-date: /home/user/ros2_ws/install/yolo_msgs/include/yolo_msgs/yolo_msgs/msg/detail/pose2_d__traits.hpp\n'}
[0.855165] (yolo_msgs) StdoutLine: {'line': b'-- Up-to-date: /home/user/ros2_ws/install/yolo_msgs/include/yolo_msgs/yolo_msgs/msg/detail/key_point2_d_array__builder.hpp\n'}
[0.855811] (yolo_msgs) StdoutLine: {'line': b'-- Up-to-date: /home/user/ros2_ws/install/yolo_msgs/include/yolo_msgs/yolo_msgs/msg/detail/detection_array__traits.hpp\n'}
[0.855992] (yolo_msgs) StdoutLine: {'line': b'-- Up-to-date: /home/user/ros2_ws/install/yolo_msgs/include/yolo_msgs/yolo_msgs/msg/detail/detection__type_support.hpp\n'}
[0.856123] (yolo_msgs) StdoutLine: {'line': b'-- Up-to-date: /home/user/ros2_ws/install/yolo_msgs/include/yolo_msgs/yolo_msgs/msg/detail/key_point2_d__type_support.hpp\n'}
[0.856241] (yolo_msgs) StdoutLine: {'line': b'-- Up-to-date: /home/user/ros2_ws/install/yolo_msgs/include/yolo_msgs/yolo_msgs/msg/detail/bounding_box3_d__type_support.hpp\n'}
[0.856359] (yolo_msgs) StdoutLine: {'line': b'-- Up-to-date: /home/user/ros2_ws/install/yolo_msgs/include/yolo_msgs/yolo_msgs/msg/detail/bounding_box2_d__traits.hpp\n'}
[0.856469] (yolo_msgs) StdoutLine: {'line': b'-- Up-to-date: /home/user/ros2_ws/install/yolo_msgs/include/yolo_msgs/yolo_msgs/msg/detail/point2_d__struct.hpp\n'}
[0.856572] (yolo_msgs) StdoutLine: {'line': b'-- Up-to-date: /home/user/ros2_ws/install/yolo_msgs/include/yolo_msgs/yolo_msgs/msg/detail/key_point3_d_array__type_support.hpp\n'}
[0.856676] (yolo_msgs) StdoutLine: {'line': b'-- Up-to-date: /home/user/ros2_ws/install/yolo_msgs/include/yolo_msgs/yolo_msgs/msg/detail/key_point2_d__builder.hpp\n'}
[0.856783] (yolo_msgs) StdoutLine: {'line': b'-- Up-to-date: /home/user/ros2_ws/install/yolo_msgs/include/yolo_msgs/yolo_msgs/msg/detail/detection__struct.hpp\n'}
[0.856950] (yolo_msgs) StdoutLine: {'line': b'-- Up-to-date: /home/user/ros2_ws/install/yolo_msgs/include/yolo_msgs/yolo_msgs/msg/detail/vector2__type_support.hpp\n'}
[0.857108] (yolo_msgs) StdoutLine: {'line': b'-- Up-to-date: /home/user/ros2_ws/install/yolo_msgs/include/yolo_msgs/yolo_msgs/msg/detail/detection_array__type_support.hpp\n'}
[0.857222] (yolo_msgs) StdoutLine: {'line': b'-- Up-to-date: /home/user/ros2_ws/install/yolo_msgs/include/yolo_msgs/yolo_msgs/msg/detail/point2_d__builder.hpp\n'}
[0.857330] (yolo_msgs) StdoutLine: {'line': b'-- Up-to-date: /home/user/ros2_ws/install/yolo_msgs/include/yolo_msgs/yolo_msgs/msg/detail/detection__traits.hpp\n'}
[0.857439] (yolo_msgs) StdoutLine: {'line': b'-- Up-to-date: /home/user/ros2_ws/install/yolo_msgs/include/yolo_msgs/yolo_msgs/msg/detail/vector2__traits.hpp\n'}
[0.857554] (yolo_msgs) StdoutLine: {'line': b'-- Up-to-date: /home/user/ros2_ws/install/yolo_msgs/include/yolo_msgs/yolo_msgs/msg/detail/detection_array__struct.hpp\n'}
[0.857670] (yolo_msgs) StdoutLine: {'line': b'-- Up-to-date: /home/user/ros2_ws/install/yolo_msgs/include/yolo_msgs/yolo_msgs/msg/detail/key_point2_d_array__struct.hpp\n'}
[0.857774] (yolo_msgs) StdoutLine: {'line': b'-- Up-to-date: /home/user/ros2_ws/install/yolo_msgs/include/yolo_msgs/yolo_msgs/msg/detail/point2_d__traits.hpp\n'}
[0.857879] (yolo_msgs) StdoutLine: {'line': b'-- Up-to-date: /home/user/ros2_ws/install/yolo_msgs/include/yolo_msgs/yolo_msgs/msg/detail/vector2__builder.hpp\n'}
[0.857984] (yolo_msgs) StdoutLine: {'line': b'-- Up-to-date: /home/user/ros2_ws/install/yolo_msgs/include/yolo_msgs/yolo_msgs/msg/detail/key_point2_d__struct.hpp\n'}
[0.858090] (yolo_msgs) StdoutLine: {'line': b'-- Up-to-date: /home/user/ros2_ws/install/yolo_msgs/include/yolo_msgs/yolo_msgs/msg/detail/pose2_d__type_support.hpp\n'}
[0.858203] (yolo_msgs) StdoutLine: {'line': b'-- Up-to-date: /home/user/ros2_ws/install/yolo_msgs/include/yolo_msgs/yolo_msgs/msg/detail/key_point3_d_array__traits.hpp\n'}
[0.858320] (yolo_msgs) StdoutLine: {'line': b'-- Up-to-date: /home/user/ros2_ws/install/yolo_msgs/include/yolo_msgs/yolo_msgs/msg/detail/key_point3_d__traits.hpp\n'}
[0.858446] (yolo_msgs) StdoutLine: {'line': b'-- Up-to-date: /home/user/ros2_ws/install/yolo_msgs/include/yolo_msgs/yolo_msgs/msg/detail/pose2_d__builder.hpp\n'}
[0.858565] (yolo_msgs) StdoutLine: {'line': b'-- Up-to-date: /home/user/ros2_ws/install/yolo_msgs/include/yolo_msgs/yolo_msgs/msg/detail/key_point3_d__struct.hpp\n'}
[0.858679] (yolo_msgs) StdoutLine: {'line': b'-- Up-to-date: /home/user/ros2_ws/install/yolo_msgs/include/yolo_msgs/yolo_msgs/msg/detail/key_point3_d__builder.hpp\n'}
[0.858794] (yolo_msgs) StdoutLine: {'line': b'-- Up-to-date: /home/user/ros2_ws/install/yolo_msgs/include/yolo_msgs/yolo_msgs/msg/detail/pose2_d__struct.hpp\n'}
[0.858908] (yolo_msgs) StdoutLine: {'line': b'-- Up-to-date: /home/user/ros2_ws/install/yolo_msgs/include/yolo_msgs/yolo_msgs/msg/detail/key_point2_d__traits.hpp\n'}
[0.859027] (yolo_msgs) StdoutLine: {'line': b'-- Up-to-date: /home/user/ros2_ws/install/yolo_msgs/include/yolo_msgs/yolo_msgs/msg/detail/bounding_box3_d__traits.hpp\n'}
[0.859142] (yolo_msgs) StdoutLine: {'line': b'-- Up-to-date: /home/user/ros2_ws/install/yolo_msgs/include/yolo_msgs/yolo_msgs/msg/detail/detection_array__builder.hpp\n'}
[0.859248] (yolo_msgs) StdoutLine: {'line': b'-- Up-to-date: /home/user/ros2_ws/install/yolo_msgs/include/yolo_msgs/yolo_msgs/msg/detail/key_point3_d__type_support.hpp\n'}
[0.859354] (yolo_msgs) StdoutLine: {'line': b'-- Up-to-date: /home/user/ros2_ws/install/yolo_msgs/include/yolo_msgs/yolo_msgs/msg/detail/mask__builder.hpp\n'}
[0.859471] (yolo_msgs) StdoutLine: {'line': b'-- Up-to-date: /home/user/ros2_ws/install/yolo_msgs/include/yolo_msgs/yolo_msgs/msg/detail/bounding_box3_d__builder.hpp\n'}
[0.859585] (yolo_msgs) StdoutLine: {'line': b'-- Up-to-date: /home/user/ros2_ws/install/yolo_msgs/include/yolo_msgs/yolo_msgs/msg/detail/bounding_box3_d__struct.hpp\n'}
[0.859723] (yolo_msgs) StdoutLine: {'line': b'-- Up-to-date: /home/user/ros2_ws/install/yolo_msgs/include/yolo_msgs/yolo_msgs/msg/detail/point2_d__type_support.hpp\n'}
[0.859854] (yolo_msgs) StdoutLine: {'line': b'-- Up-to-date: /home/user/ros2_ws/install/yolo_msgs/include/yolo_msgs/yolo_msgs/msg/detail/key_point2_d_array__traits.hpp\n'}
[0.859972] (yolo_msgs) StdoutLine: {'line': b'-- Up-to-date: /home/user/ros2_ws/install/yolo_msgs/include/yolo_msgs/yolo_msgs/msg/detail/bounding_box2_d__builder.hpp\n'}
[0.860089] (yolo_msgs) StdoutLine: {'line': b'-- Up-to-date: /home/user/ros2_ws/install/yolo_msgs/include/yolo_msgs/yolo_msgs/msg/detail/mask__type_support.hpp\n'}
[0.860239] (yolo_msgs) StdoutLine: {'line': b'-- Up-to-date: /home/user/ros2_ws/install/yolo_msgs/include/yolo_msgs/yolo_msgs/msg/detail/key_point2_d_array__type_support.hpp\n'}
[0.860351] (yolo_msgs) StdoutLine: {'line': b'-- Up-to-date: /home/user/ros2_ws/install/yolo_msgs/include/yolo_msgs/yolo_msgs/msg/mask.hpp\n'}
[0.860513] (yolo_msgs) StdoutLine: {'line': b'-- Up-to-date: /home/user/ros2_ws/install/yolo_msgs/include/yolo_msgs/yolo_msgs/msg/point2_d.hpp\n'}
[0.860678] (yolo_msgs) StdoutLine: {'line': b'-- Up-to-date: /home/user/ros2_ws/install/yolo_msgs/include/yolo_msgs/yolo_msgs/msg/key_point3_d_array.hpp\n'}
[0.860783] (yolo_msgs) StdoutLine: {'line': b'-- Up-to-date: /home/user/ros2_ws/install/yolo_msgs/include/yolo_msgs/yolo_msgs/msg/key_point2_d.hpp\n'}
[0.860900] (yolo_msgs) StdoutLine: {'line': b'-- Up-to-date: /home/user/ros2_ws/install/yolo_msgs/include/yolo_msgs/yolo_msgs/msg/key_point3_d.hpp\n'}
[0.861016] (yolo_msgs) StdoutLine: {'line': b'-- Up-to-date: /home/user/ros2_ws/install/yolo_msgs/include/yolo_msgs/yolo_msgs/msg/detection_array.hpp\n'}
[0.861170] (yolo_msgs) StdoutLine: {'line': b'-- Up-to-date: /home/user/ros2_ws/install/yolo_msgs/include/yolo_msgs/yolo_msgs/msg/bounding_box2_d.hpp\n'}
[0.861311] (yolo_msgs) StdoutLine: {'line': b'-- Up-to-date: /home/user/ros2_ws/install/yolo_msgs/include/yolo_msgs/yolo_msgs/msg/detection.hpp\n'}
[0.861433] (yolo_msgs) StdoutLine: {'line': b'-- Up-to-date: /home/user/ros2_ws/install/yolo_msgs/include/yolo_msgs/yolo_msgs/msg/bounding_box3_d.hpp\n'}
[0.861545] (yolo_msgs) StdoutLine: {'line': b'-- Up-to-date: /home/user/ros2_ws/install/yolo_msgs/include/yolo_msgs/yolo_msgs/msg/pose2_d.hpp\n'}
[0.861663] (yolo_msgs) StdoutLine: {'line': b'-- Up-to-date: /home/user/ros2_ws/install/yolo_msgs/include/yolo_msgs/yolo_msgs/msg/key_point2_d_array.hpp\n'}
[0.861780] (yolo_msgs) StdoutLine: {'line': b'-- Up-to-date: /home/user/ros2_ws/install/yolo_msgs/include/yolo_msgs/yolo_msgs/msg/rosidl_generator_cpp__visibility_control.hpp\n'}
[0.861892] (yolo_msgs) StdoutLine: {'line': b'-- Up-to-date: /home/user/ros2_ws/install/yolo_msgs/include/yolo_msgs/yolo_msgs/msg/vector2.hpp\n'}
[0.862009] (yolo_msgs) StdoutLine: {'line': b'-- Up-to-date: /home/user/ros2_ws/install/yolo_msgs/include/yolo_msgs/yolo_msgs\n'}
[0.862125] (yolo_msgs) StdoutLine: {'line': b'-- Up-to-date: /home/user/ros2_ws/install/yolo_msgs/include/yolo_msgs/yolo_msgs/srv\n'}
[0.862239] (yolo_msgs) StdoutLine: {'line': b'-- Up-to-date: /home/user/ros2_ws/install/yolo_msgs/include/yolo_msgs/yolo_msgs/srv/detail\n'}
[0.862358] (yolo_msgs) StdoutLine: {'line': b'-- Up-to-date: /home/user/ros2_ws/install/yolo_msgs/include/yolo_msgs/yolo_msgs/srv/detail/dds_fastrtps\n'}
[0.862475] (yolo_msgs) StdoutLine: {'line': b'-- Up-to-date: /home/user/ros2_ws/install/yolo_msgs/include/yolo_msgs/yolo_msgs/srv/detail/set_classes__rosidl_typesupport_fastrtps_cpp.hpp\n'}
[0.862597] (yolo_msgs) StdoutLine: {'line': b'-- Up-to-date: /home/user/ros2_ws/install/yolo_msgs/include/yolo_msgs/yolo_msgs/msg\n'}
[0.862714] (yolo_msgs) StdoutLine: {'line': b'-- Up-to-date: /home/user/ros2_ws/install/yolo_msgs/include/yolo_msgs/yolo_msgs/msg/detail\n'}
[0.862826] (yolo_msgs) StdoutLine: {'line': b'-- Up-to-date: /home/user/ros2_ws/install/yolo_msgs/include/yolo_msgs/yolo_msgs/msg/detail/detection__rosidl_typesupport_fastrtps_cpp.hpp\n'}
[0.862898] (yolo_msgs) StdoutLine: {'line': b'-- Up-to-date: /home/user/ros2_ws/install/yolo_msgs/include/yolo_msgs/yolo_msgs/msg/detail/mask__rosidl_typesupport_fastrtps_cpp.hpp\n'}
[0.862964] (yolo_msgs) StdoutLine: {'line': b'-- Up-to-date: /home/user/ros2_ws/install/yolo_msgs/include/yolo_msgs/yolo_msgs/msg/detail/bounding_box2_d__rosidl_typesupport_fastrtps_cpp.hpp\n'}
[0.863030] (yolo_msgs) StdoutLine: {'line': b'-- Up-to-date: /home/user/ros2_ws/install/yolo_msgs/include/yolo_msgs/yolo_msgs/msg/detail/key_point2_d_array__rosidl_typesupport_fastrtps_cpp.hpp\n'}
[0.863095] (yolo_msgs) StdoutLine: {'line': b'-- Up-to-date: /home/user/ros2_ws/install/yolo_msgs/include/yolo_msgs/yolo_msgs/msg/detail/pose2_d__rosidl_typesupport_fastrtps_cpp.hpp\n'}
[0.863164] (yolo_msgs) StdoutLine: {'line': b'-- Up-to-date: /home/user/ros2_ws/install/yolo_msgs/include/yolo_msgs/yolo_msgs/msg/detail/key_point2_d__rosidl_typesupport_fastrtps_cpp.hpp\n'}
[0.863268] (yolo_msgs) StdoutLine: {'line': b'-- Up-to-date: /home/user/ros2_ws/install/yolo_msgs/include/yolo_msgs/yolo_msgs/msg/detail/bounding_box3_d__rosidl_typesupport_fastrtps_cpp.hpp\n'}
[0.863375] (yolo_msgs) StdoutLine: {'line': b'-- Up-to-date: /home/user/ros2_ws/install/yolo_msgs/include/yolo_msgs/yolo_msgs/msg/detail/point2_d__rosidl_typesupport_fastrtps_cpp.hpp\n'}
[0.863488] (yolo_msgs) StdoutLine: {'line': b'-- Up-to-date: /home/user/ros2_ws/install/yolo_msgs/include/yolo_msgs/yolo_msgs/msg/detail/vector2__rosidl_typesupport_fastrtps_cpp.hpp\n'}
[0.863619] (yolo_msgs) StdoutLine: {'line': b'-- Up-to-date: /home/user/ros2_ws/install/yolo_msgs/include/yolo_msgs/yolo_msgs/msg/detail/dds_fastrtps\n'}
[0.863758] (yolo_msgs) StdoutLine: {'line': b'-- Up-to-date: /home/user/ros2_ws/install/yolo_msgs/include/yolo_msgs/yolo_msgs/msg/detail/detection_array__rosidl_typesupport_fastrtps_cpp.hpp\n'}
[0.863877] (yolo_msgs) StdoutLine: {'line': b'-- Up-to-date: /home/user/ros2_ws/install/yolo_msgs/include/yolo_msgs/yolo_msgs/msg/detail/key_point3_d_array__rosidl_typesupport_fastrtps_cpp.hpp\n'}
[0.863993] (yolo_msgs) StdoutLine: {'line': b'-- Up-to-date: /home/user/ros2_ws/install/yolo_msgs/include/yolo_msgs/yolo_msgs/msg/detail/key_point3_d__rosidl_typesupport_fastrtps_cpp.hpp\n'}
[0.864110] (yolo_msgs) StdoutLine: {'line': b'-- Up-to-date: /home/user/ros2_ws/install/yolo_msgs/include/yolo_msgs/yolo_msgs/msg/rosidl_typesupport_fastrtps_cpp__visibility_control.h\n'}
[0.864224] (yolo_msgs) StdoutLine: {'line': b'-- Up-to-date: /home/user/ros2_ws/install/yolo_msgs/lib/libyolo_msgs__rosidl_typesupport_fastrtps_cpp.so\n'}
[0.864339] (yolo_msgs) StdoutLine: {'line': b'-- Up-to-date: /home/user/ros2_ws/install/yolo_msgs/include/yolo_msgs/yolo_msgs\n'}
[0.864455] (yolo_msgs) StdoutLine: {'line': b'-- Up-to-date: /home/user/ros2_ws/install/yolo_msgs/include/yolo_msgs/yolo_msgs/srv\n'}
[0.864572] (yolo_msgs) StdoutLine: {'line': b'-- Up-to-date: /home/user/ros2_ws/install/yolo_msgs/include/yolo_msgs/yolo_msgs/srv/detail\n'}
[0.864693] (yolo_msgs) StdoutLine: {'line': b'-- Up-to-date: /home/user/ros2_ws/install/yolo_msgs/include/yolo_msgs/yolo_msgs/srv/detail/set_classes__rosidl_typesupport_introspection_cpp.hpp\n'}
[0.864813] (yolo_msgs) StdoutLine: {'line': b'-- Up-to-date: /home/user/ros2_ws/install/yolo_msgs/include/yolo_msgs/yolo_msgs/srv/detail/set_classes__type_support.cpp\n'}
[0.864929] (yolo_msgs) StdoutLine: {'line': b'-- Up-to-date: /home/user/ros2_ws/install/yolo_msgs/include/yolo_msgs/yolo_msgs/msg\n'}
[0.865041] (yolo_msgs) StdoutLine: {'line': b'-- Up-to-date: /home/user/ros2_ws/install/yolo_msgs/include/yolo_msgs/yolo_msgs/msg/detail\n'}
[0.865154] (yolo_msgs) StdoutLine: {'line': b'-- Up-to-date: /home/user/ros2_ws/install/yolo_msgs/include/yolo_msgs/yolo_msgs/msg/detail/key_point2_d_array__rosidl_typesupport_introspection_cpp.hpp\n'}
[0.865308] (yolo_msgs) StdoutLine: {'line': b'-- Up-to-date: /home/user/ros2_ws/install/yolo_msgs/include/yolo_msgs/yolo_msgs/msg/detail/detection_array__type_support.cpp\n'}
[0.865426] (yolo_msgs) StdoutLine: {'line': b'-- Up-to-date: /home/user/ros2_ws/install/yolo_msgs/include/yolo_msgs/yolo_msgs/msg/detail/detection_array__rosidl_typesupport_introspection_cpp.hpp\n'}
[0.865542] (yolo_msgs) StdoutLine: {'line': b'-- Up-to-date: /home/user/ros2_ws/install/yolo_msgs/include/yolo_msgs/yolo_msgs/msg/detail/detection__type_support.cpp\n'}
[0.865657] (yolo_msgs) StdoutLine: {'line': b'-- Up-to-date: /home/user/ros2_ws/install/yolo_msgs/include/yolo_msgs/yolo_msgs/msg/detail/bounding_box3_d__rosidl_typesupport_introspection_cpp.hpp\n'}
[0.865769] (yolo_msgs) StdoutLine: {'line': b'-- Up-to-date: /home/user/ros2_ws/install/yolo_msgs/include/yolo_msgs/yolo_msgs/msg/detail/key_point2_d_array__type_support.cpp\n'}
[0.865873] (yolo_msgs) StdoutLine: {'line': b'-- Up-to-date: /home/user/ros2_ws/install/yolo_msgs/include/yolo_msgs/yolo_msgs/msg/detail/pose2_d__rosidl_typesupport_introspection_cpp.hpp\n'}
[0.866115] (yolo_msgs) StdoutLine: {'line': b'-- Up-to-date: /home/user/ros2_ws/install/yolo_msgs/include/yolo_msgs/yolo_msgs/msg/detail/key_point2_d__type_support.cpp\n'}
[0.866243] (yolo_msgs) StdoutLine: {'line': b'-- Up-to-date: /home/user/ros2_ws/install/yolo_msgs/include/yolo_msgs/yolo_msgs/msg/detail/vector2__rosidl_typesupport_introspection_cpp.hpp\n'}
[0.866361] (yolo_msgs) StdoutLine: {'line': b'-- Up-to-date: /home/user/ros2_ws/install/yolo_msgs/include/yolo_msgs/yolo_msgs/msg/detail/key_point3_d__rosidl_typesupport_introspection_cpp.hpp\n'}
[0.866483] (yolo_msgs) StdoutLine: {'line': b'-- Up-to-date: /home/user/ros2_ws/install/yolo_msgs/include/yolo_msgs/yolo_msgs/msg/detail/bounding_box2_d__rosidl_typesupport_introspection_cpp.hpp\n'}
[0.866597] (yolo_msgs) StdoutLine: {'line': b'-- Up-to-date: /home/user/ros2_ws/install/yolo_msgs/include/yolo_msgs/yolo_msgs/msg/detail/vector2__type_support.cpp\n'}
[0.866712] (yolo_msgs) StdoutLine: {'line': b'-- Up-to-date: /home/user/ros2_ws/install/yolo_msgs/include/yolo_msgs/yolo_msgs/msg/detail/mask__rosidl_typesupport_introspection_cpp.hpp\n'}
[0.866810] (yolo_msgs) StdoutLine: {'line': b'-- Up-to-date: /home/user/ros2_ws/install/yolo_msgs/include/yolo_msgs/yolo_msgs/msg/detail/pose2_d__type_support.cpp\n'}
[0.866905] (yolo_msgs) StdoutLine: {'line': b'-- Up-to-date: /home/user/ros2_ws/install/yolo_msgs/include/yolo_msgs/yolo_msgs/msg/detail/key_point3_d_array__type_support.cpp\n'}
[0.867010] (yolo_msgs) StdoutLine: {'line': b'-- Up-to-date: /home/user/ros2_ws/install/yolo_msgs/include/yolo_msgs/yolo_msgs/msg/detail/point2_d__rosidl_typesupport_introspection_cpp.hpp\n'}
[0.867128] (yolo_msgs) StdoutLine: {'line': b'-- Up-to-date: /home/user/ros2_ws/install/yolo_msgs/include/yolo_msgs/yolo_msgs/msg/detail/point2_d__type_support.cpp\n'}
[0.867246] (yolo_msgs) StdoutLine: {'line': b'-- Up-to-date: /home/user/ros2_ws/install/yolo_msgs/include/yolo_msgs/yolo_msgs/msg/detail/key_point2_d__rosidl_typesupport_introspection_cpp.hpp\n'}
[0.867362] (yolo_msgs) StdoutLine: {'line': b'-- Up-to-date: /home/user/ros2_ws/install/yolo_msgs/include/yolo_msgs/yolo_msgs/msg/detail/bounding_box3_d__type_support.cpp\n'}
[0.867547] (yolo_msgs) StdoutLine: {'line': b'-- Up-to-date: /home/user/ros2_ws/install/yolo_msgs/include/yolo_msgs/yolo_msgs/msg/detail/detection__rosidl_typesupport_introspection_cpp.hpp\n'}
[0.867708] (yolo_msgs) StdoutLine: {'line': b'-- Up-to-date: /home/user/ros2_ws/install/yolo_msgs/include/yolo_msgs/yolo_msgs/msg/detail/key_point3_d_array__rosidl_typesupport_introspection_cpp.hpp\n'}
[0.867815] (yolo_msgs) StdoutLine: {'line': b'-- Up-to-date: /home/user/ros2_ws/install/yolo_msgs/include/yolo_msgs/yolo_msgs/msg/detail/key_point3_d__type_support.cpp\n'}
[0.867919] (yolo_msgs) StdoutLine: {'line': b'-- Up-to-date: /home/user/ros2_ws/install/yolo_msgs/include/yolo_msgs/yolo_msgs/msg/detail/mask__type_support.cpp\n'}
[0.868033] (yolo_msgs) StdoutLine: {'line': b'-- Up-to-date: /home/user/ros2_ws/install/yolo_msgs/include/yolo_msgs/yolo_msgs/msg/detail/bounding_box2_d__type_support.cpp\n'}
[0.868139] (yolo_msgs) StdoutLine: {'line': b'-- Up-to-date: /home/user/ros2_ws/install/yolo_msgs/lib/libyolo_msgs__rosidl_typesupport_introspection_cpp.so\n'}
[0.868252] (yolo_msgs) StdoutLine: {'line': b'-- Up-to-date: /home/user/ros2_ws/install/yolo_msgs/lib/libyolo_msgs__rosidl_typesupport_cpp.so\n'}
[0.868365] (yolo_msgs) StdoutLine: {'line': b'-- Up-to-date: /home/user/ros2_ws/install/yolo_msgs/share/yolo_msgs/environment/pythonpath.sh\n'}
[0.868480] (yolo_msgs) StdoutLine: {'line': b'-- Up-to-date: /home/user/ros2_ws/install/yolo_msgs/share/yolo_msgs/environment/pythonpath.dsv\n'}
[0.868591] (yolo_msgs) StdoutLine: {'line': b'-- Up-to-date: /home/user/ros2_ws/install/yolo_msgs/local/lib/python3.10/dist-packages/yolo_msgs-4.5.1-py3.10.egg-info\n'}
[0.868758] (yolo_msgs) StdoutLine: {'line': b'-- Installing: /home/user/ros2_ws/install/yolo_msgs/local/lib/python3.10/dist-packages/yolo_msgs-4.5.1-py3.10.egg-info/PKG-INFO\n'}
[0.868878] (yolo_msgs) StdoutLine: {'line': b'-- Installing: /home/user/ros2_ws/install/yolo_msgs/local/lib/python3.10/dist-packages/yolo_msgs-4.5.1-py3.10.egg-info/top_level.txt\n'}
[0.868996] (yolo_msgs) StdoutLine: {'line': b'-- Installing: /home/user/ros2_ws/install/yolo_msgs/local/lib/python3.10/dist-packages/yolo_msgs-4.5.1-py3.10.egg-info/SOURCES.txt\n'}
[0.869147] (yolo_msgs) StdoutLine: {'line': b'-- Installing: /home/user/ros2_ws/install/yolo_msgs/local/lib/python3.10/dist-packages/yolo_msgs-4.5.1-py3.10.egg-info/dependency_links.txt\n'}
[0.869263] (yolo_msgs) StdoutLine: {'line': b'-- Up-to-date: /home/user/ros2_ws/install/yolo_msgs/local/lib/python3.10/dist-packages/yolo_msgs\n'}
[0.869374] (yolo_msgs) StdoutLine: {'line': b'-- Up-to-date: /home/user/ros2_ws/install/yolo_msgs/local/lib/python3.10/dist-packages/yolo_msgs/srv\n'}
[0.869492] (yolo_msgs) StdoutLine: {'line': b'-- Up-to-date: /home/user/ros2_ws/install/yolo_msgs/local/lib/python3.10/dist-packages/yolo_msgs/srv/__init__.py\n'}
[0.869606] (yolo_msgs) StdoutLine: {'line': b'-- Up-to-date: /home/user/ros2_ws/install/yolo_msgs/local/lib/python3.10/dist-packages/yolo_msgs/srv/_set_classes.py\n'}
[0.869725] (yolo_msgs) StdoutLine: {'line': b'-- Up-to-date: /home/user/ros2_ws/install/yolo_msgs/local/lib/python3.10/dist-packages/yolo_msgs/srv/_set_classes_s.c\n'}
[0.869848] (yolo_msgs) StdoutLine: {'line': b'-- Up-to-date: /home/user/ros2_ws/install/yolo_msgs/local/lib/python3.10/dist-packages/yolo_msgs/msg\n'}
[0.869964] (yolo_msgs) StdoutLine: {'line': b'-- Up-to-date: /home/user/ros2_ws/install/yolo_msgs/local/lib/python3.10/dist-packages/yolo_msgs/msg/_key_point3_d_array.py\n'}
[0.870080] (yolo_msgs) StdoutLine: {'line': b'-- Up-to-date: /home/user/ros2_ws/install/yolo_msgs/local/lib/python3.10/dist-packages/yolo_msgs/msg/_key_point3_d_array_s.c\n'}
[0.870192] (yolo_msgs) StdoutLine: {'line': b'-- Up-to-date: /home/user/ros2_ws/install/yolo_msgs/local/lib/python3.10/dist-packages/yolo_msgs/msg/_key_point3_d.py\n'}
[0.870775] (yolo_msgs) StdoutLine: {'line': b'-- Up-to-date: /home/user/ros2_ws/install/yolo_msgs/local/lib/python3.10/dist-packages/yolo_msgs/msg/_detection_array_s.c\n'}
[0.870919] (yolo_msgs) StdoutLine: {'line': b'-- Up-to-date: /home/user/ros2_ws/install/yolo_msgs/local/lib/python3.10/dist-packages/yolo_msgs/msg/_pose2_d.py\n'}
[0.871110] (yolo_msgs) StdoutLine: {'line': b'-- Up-to-date: /home/user/ros2_ws/install/yolo_msgs/local/lib/python3.10/dist-packages/yolo_msgs/msg/_detection.py\n'}
[0.871222] (yolo_msgs) StdoutLine: {'line': b'-- Up-to-date: /home/user/ros2_ws/install/yolo_msgs/local/lib/python3.10/dist-packages/yolo_msgs/msg/_bounding_box2_d_s.c\n'}
[0.871335] (yolo_msgs) StdoutLine: {'line': b'-- Up-to-date: /home/user/ros2_ws/install/yolo_msgs/local/lib/python3.10/dist-packages/yolo_msgs/msg/__init__.py\n'}
[0.871473] (yolo_msgs) StdoutLine: {'line': b'-- Up-to-date: /home/user/ros2_ws/install/yolo_msgs/local/lib/python3.10/dist-packages/yolo_msgs/msg/_point2_d_s.c\n'}
[0.871611] (yolo_msgs) StdoutLine: {'line': b'-- Up-to-date: /home/user/ros2_ws/install/yolo_msgs/local/lib/python3.10/dist-packages/yolo_msgs/msg/_key_point2_d_array.py\n'}
[0.871745] (yolo_msgs) StdoutLine: {'line': b'-- Up-to-date: /home/user/ros2_ws/install/yolo_msgs/local/lib/python3.10/dist-packages/yolo_msgs/msg/_vector2.py\n'}
[0.871865] (yolo_msgs) StdoutLine: {'line': b'-- Up-to-date: /home/user/ros2_ws/install/yolo_msgs/local/lib/python3.10/dist-packages/yolo_msgs/msg/_mask.py\n'}
[0.872007] (yolo_msgs) StdoutLine: {'line': b'-- Up-to-date: /home/user/ros2_ws/install/yolo_msgs/local/lib/python3.10/dist-packages/yolo_msgs/msg/_detection_s.c\n'}
[0.872134] (yolo_msgs) StdoutLine: {'line': b'-- Up-to-date: /home/user/ros2_ws/install/yolo_msgs/local/lib/python3.10/dist-packages/yolo_msgs/msg/_vector2_s.c\n'}
[0.872263] (yolo_msgs) StdoutLine: {'line': b'-- Up-to-date: /home/user/ros2_ws/install/yolo_msgs/local/lib/python3.10/dist-packages/yolo_msgs/msg/_detection_array.py\n'}
[0.872381] (yolo_msgs) StdoutLine: {'line': b'-- Up-to-date: /home/user/ros2_ws/install/yolo_msgs/local/lib/python3.10/dist-packages/yolo_msgs/msg/_mask_s.c\n'}
[0.872527] (yolo_msgs) StdoutLine: {'line': b'-- Up-to-date: /home/user/ros2_ws/install/yolo_msgs/local/lib/python3.10/dist-packages/yolo_msgs/msg/_point2_d.py\n'}
[0.872649] (yolo_msgs) StdoutLine: {'line': b'-- Up-to-date: /home/user/ros2_ws/install/yolo_msgs/local/lib/python3.10/dist-packages/yolo_msgs/msg/_key_point2_d.py\n'}
[0.872767] (yolo_msgs) StdoutLine: {'line': b'-- Up-to-date: /home/user/ros2_ws/install/yolo_msgs/local/lib/python3.10/dist-packages/yolo_msgs/msg/_bounding_box3_d_s.c\n'}
[0.872884] (yolo_msgs) StdoutLine: {'line': b'-- Up-to-date: /home/user/ros2_ws/install/yolo_msgs/local/lib/python3.10/dist-packages/yolo_msgs/msg/_bounding_box2_d.py\n'}
[0.873024] (yolo_msgs) StdoutLine: {'line': b'-- Up-to-date: /home/user/ros2_ws/install/yolo_msgs/local/lib/python3.10/dist-packages/yolo_msgs/msg/_key_point2_d_array_s.c\n'}
[0.873142] (yolo_msgs) StdoutLine: {'line': b'-- Up-to-date: /home/user/ros2_ws/install/yolo_msgs/local/lib/python3.10/dist-packages/yolo_msgs/msg/_key_point2_d_s.c\n'}
[0.873261] (yolo_msgs) StdoutLine: {'line': b'-- Up-to-date: /home/user/ros2_ws/install/yolo_msgs/local/lib/python3.10/dist-packages/yolo_msgs/msg/_key_point3_d_s.c\n'}
[0.873407] (yolo_msgs) StdoutLine: {'line': b'-- Up-to-date: /home/user/ros2_ws/install/yolo_msgs/local/lib/python3.10/dist-packages/yolo_msgs/msg/_pose2_d_s.c\n'}
[0.873531] (yolo_msgs) StdoutLine: {'line': b'-- Up-to-date: /home/user/ros2_ws/install/yolo_msgs/local/lib/python3.10/dist-packages/yolo_msgs/msg/_bounding_box3_d.py\n'}
[0.873649] (yolo_msgs) StdoutLine: {'line': b'-- Up-to-date: /home/user/ros2_ws/install/yolo_msgs/local/lib/python3.10/dist-packages/yolo_msgs/libyolo_msgs__rosidl_generator_py.so\n'}
[0.873768] (yolo_msgs) StdoutLine: {'line': b'-- Up-to-date: /home/user/ros2_ws/install/yolo_msgs/local/lib/python3.10/dist-packages/yolo_msgs/yolo_msgs_s__rosidl_typesupport_fastrtps_c.cpython-310-x86_64-linux-gnu.so\n'}
[0.873916] (yolo_msgs) StdoutLine: {'line': b'-- Up-to-date: /home/user/ros2_ws/install/yolo_msgs/local/lib/python3.10/dist-packages/yolo_msgs/yolo_msgs_s__rosidl_typesupport_c.cpython-310-x86_64-linux-gnu.so\n'}
[0.874053] (yolo_msgs) StdoutLine: {'line': b'-- Up-to-date: /home/user/ros2_ws/install/yolo_msgs/local/lib/python3.10/dist-packages/yolo_msgs/__init__.py\n'}
[0.874191] (yolo_msgs) StdoutLine: {'line': b'-- Up-to-date: /home/user/ros2_ws/install/yolo_msgs/local/lib/python3.10/dist-packages/yolo_msgs/yolo_msgs_s__rosidl_typesupport_introspection_c.cpython-310-x86_64-linux-gnu.so\n'}
[0.874319] (yolo_msgs) StdoutLine: {'line': b'-- Up-to-date: /home/user/ros2_ws/install/yolo_msgs/local/lib/python3.10/dist-packages/yolo_msgs/_yolo_msgs_s.ep.rosidl_typesupport_fastrtps_c.c\n'}
[0.874438] (yolo_msgs) StdoutLine: {'line': b'-- Up-to-date: /home/user/ros2_ws/install/yolo_msgs/local/lib/python3.10/dist-packages/yolo_msgs/_yolo_msgs_s.ep.rosidl_typesupport_c.c\n'}
[0.874570] (yolo_msgs) StdoutLine: {'line': b'-- Up-to-date: /home/user/ros2_ws/install/yolo_msgs/local/lib/python3.10/dist-packages/yolo_msgs/_yolo_msgs_s.ep.rosidl_typesupport_introspection_c.c\n'}
[0.893930] (yolo_msgs) StdoutLine: {'line': b"Listing '/home/user/ros2_ws/install/yolo_msgs/local/lib/python3.10/dist-packages/yolo_msgs'...\n"}
[0.894187] (yolo_msgs) StdoutLine: {'line': b"Listing '/home/user/ros2_ws/install/yolo_msgs/local/lib/python3.10/dist-packages/yolo_msgs/msg'...\n"}
[0.894329] (yolo_msgs) StdoutLine: {'line': b"Listing '/home/user/ros2_ws/install/yolo_msgs/local/lib/python3.10/dist-packages/yolo_msgs/srv'...\n"}
[0.900931] (yolo_msgs) StdoutLine: {'line': b'-- Up-to-date: /home/user/ros2_ws/install/yolo_msgs/local/lib/python3.10/dist-packages/yolo_msgs/yolo_msgs_s__rosidl_typesupport_fastrtps_c.cpython-310-x86_64-linux-gnu.so\n'}
[0.901666] (yolo_msgs) StdoutLine: {'line': b'-- Up-to-date: /home/user/ros2_ws/install/yolo_msgs/local/lib/python3.10/dist-packages/yolo_msgs/yolo_msgs_s__rosidl_typesupport_introspection_c.cpython-310-x86_64-linux-gnu.so\n'}
[0.901959] (yolo_msgs) StdoutLine: {'line': b'-- Up-to-date: /home/user/ros2_ws/install/yolo_msgs/local/lib/python3.10/dist-packages/yolo_msgs/yolo_msgs_s__rosidl_typesupport_c.cpython-310-x86_64-linux-gnu.so\n'}
[0.902175] (yolo_msgs) StdoutLine: {'line': b'-- Up-to-date: /home/user/ros2_ws/install/yolo_msgs/lib/libyolo_msgs__rosidl_generator_py.so\n'}
[0.902498] (yolo_msgs) StdoutLine: {'line': b'-- Up-to-date: /home/user/ros2_ws/install/yolo_msgs/share/yolo_msgs/msg/Point2D.idl\n'}
[0.902647] (yolo_msgs) StdoutLine: {'line': b'-- Up-to-date: /home/user/ros2_ws/install/yolo_msgs/share/yolo_msgs/msg/Vector2.idl\n'}
[0.902764] (yolo_msgs) StdoutLine: {'line': b'-- Up-to-date: /home/user/ros2_ws/install/yolo_msgs/share/yolo_msgs/msg/Pose2D.idl\n'}
[0.902967] (yolo_msgs) StdoutLine: {'line': b'-- Up-to-date: /home/user/ros2_ws/install/yolo_msgs/share/yolo_msgs/msg/BoundingBox2D.idl\n'}
[0.903240] (yolo_msgs) StdoutLine: {'line': b'-- Up-to-date: /home/user/ros2_ws/install/yolo_msgs/share/yolo_msgs/msg/BoundingBox3D.idl\n'}
[0.903495] (yolo_msgs) StdoutLine: {'line': b'-- Up-to-date: /home/user/ros2_ws/install/yolo_msgs/share/yolo_msgs/msg/Mask.idl\n'}
[0.903733] (yolo_msgs) StdoutLine: {'line': b'-- Up-to-date: /home/user/ros2_ws/install/yolo_msgs/share/yolo_msgs/msg/KeyPoint2D.idl\n'}
[0.903963] (yolo_msgs) StdoutLine: {'line': b'-- Up-to-date: /home/user/ros2_ws/install/yolo_msgs/share/yolo_msgs/msg/KeyPoint2DArray.idl\n'}
[0.904175] (yolo_msgs) StdoutLine: {'line': b'-- Up-to-date: /home/user/ros2_ws/install/yolo_msgs/share/yolo_msgs/msg/KeyPoint3D.idl\n'}
[0.904325] (yolo_msgs) StdoutLine: {'line': b'-- Up-to-date: /home/user/ros2_ws/install/yolo_msgs/share/yolo_msgs/msg/KeyPoint3DArray.idl\n'}
[0.904500] (yolo_msgs) StdoutLine: {'line': b'-- Up-to-date: /home/user/ros2_ws/install/yolo_msgs/share/yolo_msgs/msg/Detection.idl\n'}
[0.904632] (yolo_msgs) StdoutLine: {'line': b'-- Up-to-date: /home/user/ros2_ws/install/yolo_msgs/share/yolo_msgs/msg/DetectionArray.idl\n'}
[0.904806] (yolo_msgs) StdoutLine: {'line': b'-- Up-to-date: /home/user/ros2_ws/install/yolo_msgs/share/yolo_msgs/srv/SetClasses.idl\n'}
[0.904980] (yolo_msgs) StdoutLine: {'line': b'-- Up-to-date: /home/user/ros2_ws/install/yolo_msgs/share/yolo_msgs/msg/Point2D.msg\n'}
[0.905072] (yolo_msgs) StdoutLine: {'line': b'-- Up-to-date: /home/user/ros2_ws/install/yolo_msgs/share/yolo_msgs/msg/Vector2.msg\n'}
[0.905139] (yolo_msgs) StdoutLine: {'line': b'-- Up-to-date: /home/user/ros2_ws/install/yolo_msgs/share/yolo_msgs/msg/Pose2D.msg\n'}
[0.905204] (yolo_msgs) StdoutLine: {'line': b'-- Up-to-date: /home/user/ros2_ws/install/yolo_msgs/share/yolo_msgs/msg/BoundingBox2D.msg\n'}
[0.905609] (yolo_msgs) StdoutLine: {'line': b'-- Up-to-date: /home/user/ros2_ws/install/yolo_msgs/share/yolo_msgs/msg/BoundingBox3D.msg\n'}
[0.905786] (yolo_msgs) StdoutLine: {'line': b'-- Up-to-date: /home/user/ros2_ws/install/yolo_msgs/share/yolo_msgs/msg/Mask.msg\n'}
[0.905962] (-) TimerEvent: {}
[0.906147] (yolo_msgs) StdoutLine: {'line': b'-- Up-to-date: /home/user/ros2_ws/install/yolo_msgs/share/yolo_msgs/msg/KeyPoint2D.msg\n'}
[0.906357] (yolo_msgs) StdoutLine: {'line': b'-- Up-to-date: /home/user/ros2_ws/install/yolo_msgs/share/yolo_msgs/msg/KeyPoint2DArray.msg\n'}
[0.906487] (yolo_msgs) StdoutLine: {'line': b'-- Up-to-date: /home/user/ros2_ws/install/yolo_msgs/share/yolo_msgs/msg/KeyPoint3D.msg\n'}
[0.906621] (yolo_msgs) StdoutLine: {'line': b'-- Up-to-date: /home/user/ros2_ws/install/yolo_msgs/share/yolo_msgs/msg/KeyPoint3DArray.msg\n'}
[0.906781] (yolo_msgs) StdoutLine: {'line': b'-- Up-to-date: /home/user/ros2_ws/install/yolo_msgs/share/yolo_msgs/msg/Detection.msg\n'}
[0.906924] (yolo_msgs) StdoutLine: {'line': b'-- Up-to-date: /home/user/ros2_ws/install/yolo_msgs/share/yolo_msgs/msg/DetectionArray.msg\n'}
[0.907057] (yolo_msgs) StdoutLine: {'line': b'-- Up-to-date: /home/user/ros2_ws/install/yolo_msgs/share/yolo_msgs/srv/SetClasses.srv\n'}
[0.907180] (yolo_msgs) StdoutLine: {'line': b'-- Up-to-date: /home/user/ros2_ws/install/yolo_msgs/share/yolo_msgs/srv/SetClasses_Request.msg\n'}
[0.907312] (yolo_msgs) StdoutLine: {'line': b'-- Up-to-date: /home/user/ros2_ws/install/yolo_msgs/share/yolo_msgs/srv/SetClasses_Response.msg\n'}
[0.907436] (yolo_msgs) StdoutLine: {'line': b'-- Up-to-date: /home/user/ros2_ws/install/yolo_msgs/share/ament_index/resource_index/package_run_dependencies/yolo_msgs\n'}
[0.907576] (yolo_msgs) StdoutLine: {'line': b'-- Up-to-date: /home/user/ros2_ws/install/yolo_msgs/share/ament_index/resource_index/parent_prefix_path/yolo_msgs\n'}
[0.908317] (yolo_msgs) StdoutLine: {'line': b'-- Up-to-date: /home/user/ros2_ws/install/yolo_msgs/share/yolo_msgs/environment/ament_prefix_path.sh\n'}
[0.908451] (yolo_msgs) StdoutLine: {'line': b'-- Up-to-date: /home/user/ros2_ws/install/yolo_msgs/share/yolo_msgs/environment/ament_prefix_path.dsv\n'}
[0.908557] (yolo_msgs) StdoutLine: {'line': b'-- Up-to-date: /home/user/ros2_ws/install/yolo_msgs/share/yolo_msgs/environment/path.sh\n'}
[0.908658] (yolo_msgs) StdoutLine: {'line': b'-- Up-to-date: /home/user/ros2_ws/install/yolo_msgs/share/yolo_msgs/environment/path.dsv\n'}
[0.908757] (yolo_msgs) StdoutLine: {'line': b'-- Up-to-date: /home/user/ros2_ws/install/yolo_msgs/share/yolo_msgs/local_setup.bash\n'}
[0.908853] (yolo_msgs) StdoutLine: {'line': b'-- Up-to-date: /home/user/ros2_ws/install/yolo_msgs/share/yolo_msgs/local_setup.sh\n'}
[0.908942] (yolo_msgs) StdoutLine: {'line': b'-- Up-to-date: /home/user/ros2_ws/install/yolo_msgs/share/yolo_msgs/local_setup.zsh\n'}
[0.909036] (yolo_msgs) StdoutLine: {'line': b'-- Up-to-date: /home/user/ros2_ws/install/yolo_msgs/share/yolo_msgs/local_setup.dsv\n'}
[0.909128] (yolo_msgs) StdoutLine: {'line': b'-- Installing: /home/user/ros2_ws/install/yolo_msgs/share/yolo_msgs/package.dsv\n'}
[0.909214] (yolo_msgs) StdoutLine: {'line': b'-- Up-to-date: /home/user/ros2_ws/install/yolo_msgs/share/ament_index/resource_index/packages/yolo_msgs\n'}
[0.909300] (yolo_msgs) StdoutLine: {'line': b'-- Up-to-date: /home/user/ros2_ws/install/yolo_msgs/share/yolo_msgs/cmake/export_yolo_msgs__rosidl_generator_cExport.cmake\n'}
[0.909386] (yolo_msgs) StdoutLine: {'line': b'-- Up-to-date: /home/user/ros2_ws/install/yolo_msgs/share/yolo_msgs/cmake/export_yolo_msgs__rosidl_generator_cExport-noconfig.cmake\n'}
[0.909479] (yolo_msgs) StdoutLine: {'line': b'-- Up-to-date: /home/user/ros2_ws/install/yolo_msgs/share/yolo_msgs/cmake/export_yolo_msgs__rosidl_typesupport_fastrtps_cExport.cmake\n'}
[0.909566] (yolo_msgs) StdoutLine: {'line': b'-- Up-to-date: /home/user/ros2_ws/install/yolo_msgs/share/yolo_msgs/cmake/export_yolo_msgs__rosidl_typesupport_fastrtps_cExport-noconfig.cmake\n'}
[0.909651] (yolo_msgs) StdoutLine: {'line': b'-- Up-to-date: /home/user/ros2_ws/install/yolo_msgs/share/yolo_msgs/cmake/yolo_msgs__rosidl_typesupport_introspection_cExport.cmake\n'}
[0.909742] (yolo_msgs) StdoutLine: {'line': b'-- Up-to-date: /home/user/ros2_ws/install/yolo_msgs/share/yolo_msgs/cmake/yolo_msgs__rosidl_typesupport_introspection_cExport-noconfig.cmake\n'}
[0.909831] (yolo_msgs) StdoutLine: {'line': b'-- Up-to-date: /home/user/ros2_ws/install/yolo_msgs/share/yolo_msgs/cmake/yolo_msgs__rosidl_typesupport_cExport.cmake\n'}
[0.909923] (yolo_msgs) StdoutLine: {'line': b'-- Up-to-date: /home/user/ros2_ws/install/yolo_msgs/share/yolo_msgs/cmake/yolo_msgs__rosidl_typesupport_cExport-noconfig.cmake\n'}
[0.910012] (yolo_msgs) StdoutLine: {'line': b'-- Up-to-date: /home/user/ros2_ws/install/yolo_msgs/share/yolo_msgs/cmake/export_yolo_msgs__rosidl_generator_cppExport.cmake\n'}
[0.910323] (yolo_msgs) StdoutLine: {'line': b'-- Up-to-date: /home/user/ros2_ws/install/yolo_msgs/share/yolo_msgs/cmake/export_yolo_msgs__rosidl_typesupport_fastrtps_cppExport.cmake\n'}
[0.910420] (yolo_msgs) StdoutLine: {'line': b'-- Up-to-date: /home/user/ros2_ws/install/yolo_msgs/share/yolo_msgs/cmake/export_yolo_msgs__rosidl_typesupport_fastrtps_cppExport-noconfig.cmake\n'}
[0.910506] (yolo_msgs) StdoutLine: {'line': b'-- Up-to-date: /home/user/ros2_ws/install/yolo_msgs/share/yolo_msgs/cmake/yolo_msgs__rosidl_typesupport_introspection_cppExport.cmake\n'}
[0.910953] (yolo_msgs) StdoutLine: {'line': b'-- Up-to-date: /home/user/ros2_ws/install/yolo_msgs/share/yolo_msgs/cmake/yolo_msgs__rosidl_typesupport_introspection_cppExport-noconfig.cmake\n'}
[0.911388] (yolo_msgs) StdoutLine: {'line': b'-- Up-to-date: /home/user/ros2_ws/install/yolo_msgs/share/yolo_msgs/cmake/yolo_msgs__rosidl_typesupport_cppExport.cmake\n'}
[0.911501] (yolo_msgs) StdoutLine: {'line': b'-- Up-to-date: /home/user/ros2_ws/install/yolo_msgs/share/yolo_msgs/cmake/yolo_msgs__rosidl_typesupport_cppExport-noconfig.cmake\n'}
[0.911633] (yolo_msgs) StdoutLine: {'line': b'-- Up-to-date: /home/user/ros2_ws/install/yolo_msgs/share/yolo_msgs/cmake/export_yolo_msgs__rosidl_generator_pyExport.cmake\n'}
[0.911752] (yolo_msgs) StdoutLine: {'line': b'-- Up-to-date: /home/user/ros2_ws/install/yolo_msgs/share/yolo_msgs/cmake/export_yolo_msgs__rosidl_generator_pyExport-noconfig.cmake\n'}
[0.911857] (yolo_msgs) StdoutLine: {'line': b'-- Up-to-date: /home/user/ros2_ws/install/yolo_msgs/share/yolo_msgs/cmake/rosidl_cmake-extras.cmake\n'}
[0.911960] (yolo_msgs) StdoutLine: {'line': b'-- Up-to-date: /home/user/ros2_ws/install/yolo_msgs/share/yolo_msgs/cmake/ament_cmake_export_dependencies-extras.cmake\n'}
[0.912052] (yolo_msgs) StdoutLine: {'line': b'-- Up-to-date: /home/user/ros2_ws/install/yolo_msgs/share/yolo_msgs/cmake/ament_cmake_export_include_directories-extras.cmake\n'}
[0.912507] (yolo_msgs) StdoutLine: {'line': b'-- Up-to-date: /home/user/ros2_ws/install/yolo_msgs/share/yolo_msgs/cmake/ament_cmake_export_libraries-extras.cmake\n'}
[0.913009] (yolo_msgs) StdoutLine: {'line': b'-- Up-to-date: /home/user/ros2_ws/install/yolo_msgs/share/yolo_msgs/cmake/ament_cmake_export_targets-extras.cmake\n'}
[0.913152] (yolo_msgs) StdoutLine: {'line': b'-- Up-to-date: /home/user/ros2_ws/install/yolo_msgs/share/yolo_msgs/cmake/rosidl_cmake_export_typesupport_targets-extras.cmake\n'}
[0.913423] (yolo_msgs) StdoutLine: {'line': b'-- Up-to-date: /home/user/ros2_ws/install/yolo_msgs/share/yolo_msgs/cmake/rosidl_cmake_export_typesupport_libraries-extras.cmake\n'}
[0.913571] (yolo_msgs) StdoutLine: {'line': b'-- Up-to-date: /home/user/ros2_ws/install/yolo_msgs/share/yolo_msgs/cmake/yolo_msgsConfig.cmake\n'}
[0.914091] (yolo_msgs) StdoutLine: {'line': b'-- Up-to-date: /home/user/ros2_ws/install/yolo_msgs/share/yolo_msgs/cmake/yolo_msgsConfig-version.cmake\n'}
[0.914360] (yolo_msgs) StdoutLine: {'line': b'-- Up-to-date: /home/user/ros2_ws/install/yolo_msgs/share/yolo_msgs/package.xml\n'}
[0.914788] (yolo_msgs) CommandEnded: {'returncode': 0}
[0.945633] (yolo_msgs) JobEnded: {'identifier': 'yolo_msgs', 'rc': 0}
[0.946837] (yolo_ros) JobStarted: {'identifier': 'yolo_ros'}
[1.006446] (-) TimerEvent: {}
[1.106908] (-) TimerEvent: {}
[1.207319] (-) TimerEvent: {}
[1.307678] (-) TimerEvent: {}
[1.408020] (-) TimerEvent: {}
[1.508368] (-) TimerEvent: {}
[1.608767] (-) TimerEvent: {}
[1.709150] (-) TimerEvent: {}
[1.809533] (-) TimerEvent: {}
[1.836251] (yolo_ros) Command: {'cmd': ['/usr/bin/python3', '-W', 'ignore:setup.py install is deprecated', '-W', 'ignore:easy_install command is deprecated', 'setup.py', 'egg_info', '--egg-base', '../../../build/yolo_ros', 'build', '--build-base', '/home/user/ros2_ws/build/yolo_ros/build', 'install', '--record', '/home/user/ros2_ws/build/yolo_ros/install.log', '--single-version-externally-managed', 'install_data'], 'cwd': '/home/user/ros2_ws/src/yolo_ros/yolo_ros', 'env': {'ROS_VERSION': '2', 'NVIDIA_VISIBLE_DEVICES': 'all', 'GAZEBO_MASTER_URI': 'http://3_xterm:11345', 'ROS_PYTHON_VERSION': '3', 'HOSTNAME': '3_xterm', 'ROBOT_HOSTNAME': '', 'PWD': '/home/user/ros2_ws/build/yolo_ros', 'PORT': '4000', 'NVIDIA_DRIVER_CAPABILITIES': 'all', 'ROS_IP': '', 'HOME': '/home/user', 'GAZEBO_PLUGIN_PATH': '/usr/lib/x86_64-linux-gnu/gazebo-11/plugins:/usr/lib/x86_64-linux-gnu/gazebo-11/plugins:', 'LANG': 'en_US.UTF-8', 'GAZEBO_MODEL_DATABASE_URI': 'http://models.gazebosim.org', 'LS_COLORS': 'rs=0:di=01;34:ln=01;36:mh=00:pi=40;33:so=01;35:do=01;35:bd=40;33;01:cd=40;33;01:or=40;31;01:mi=00:su=37;41:sg=30;43:ca=30;41:tw=30;42:ow=34;42:st=37;44:ex=01;32:*.tar=01;31:*.tgz=01;31:*.arc=01;31:*.arj=01;31:*.taz=01;31:*.lha=01;31:*.lz4=01;31:*.lzh=01;31:*.lzma=01;31:*.tlz=01;31:*.txz=01;31:*.tzo=01;31:*.t7z=01;31:*.zip=01;31:*.z=01;31:*.dz=01;31:*.gz=01;31:*.lrz=01;31:*.lz=01;31:*.lzo=01;31:*.xz=01;31:*.zst=01;31:*.tzst=01;31:*.bz2=01;31:*.bz=01;31:*.tbz=01;31:*.tbz2=01;31:*.tz=01;31:*.deb=01;31:*.rpm=01;31:*.jar=01;31:*.war=01;31:*.ear=01;31:*.sar=01;31:*.rar=01;31:*.alz=01;31:*.ace=01;31:*.zoo=01;31:*.cpio=01;31:*.7z=01;31:*.rz=01;31:*.cab=01;31:*.wim=01;31:*.swm=01;31:*.dwm=01;31:*.esd=01;31:*.jpg=01;35:*.jpeg=01;35:*.mjpg=01;35:*.mjpeg=01;35:*.gif=01;35:*.bmp=01;35:*.pbm=01;35:*.pgm=01;35:*.ppm=01;35:*.tga=01;35:*.xbm=01;35:*.xpm=01;35:*.tif=01;35:*.tiff=01;35:*.png=01;35:*.svg=01;35:*.svgz=01;35:*.mng=01;35:*.pcx=01;35:*.mov=01;35:*.mpg=01;35:*.mpeg=01;35:*.m2v=01;35:*.mkv=01;35:*.webm=01;35:*.webp=01;35:*.ogm=01;35:*.mp4=01;35:*.m4v=01;35:*.mp4v=01;35:*.vob=01;35:*.qt=01;35:*.nuv=01;35:*.wmv=01;35:*.asf=01;35:*.rm=01;35:*.rmvb=01;35:*.flc=01;35:*.avi=01;35:*.fli=01;35:*.flv=01;35:*.gl=01;35:*.dl=01;35:*.xcf=01;35:*.xwd=01;35:*.yuv=01;35:*.cgm=01;35:*.emf=01;35:*.ogv=01;35:*.ogx=01;35:*.aac=00;36:*.au=00;36:*.flac=00;36:*.m4a=00;36:*.mid=00;36:*.midi=00;36:*.mka=00;36:*.mp3=00;36:*.mpc=00;36:*.ogg=00;36:*.ra=00;36:*.wav=00;36:*.oga=00;36:*.opus=00;36:*.spx=00;36:*.xspf=00;36:', 'AMENT_PREFIX_PATH': '/home/user/ros2_ws/install/yolo_msgs:/home/user/ros2_ws/install/deepmind_bot_trajectory_sender:/home/user/ros2_ws/install/deepmind_bot_navigation:/home/user/ros2_ws/install/deepmind_bot_gazebo:/home/user/ros2_ws/install/deepmind_bot_description:/home/user/ros2_ws/install/custom_msgs:/home/user/ros2_ws/install/advanced_perception:/opt/ros/humble', 'CMAKE_PREFIX_PATH': '/home/user/ros2_ws/install/yolo_msgs:/home/user/ros2_ws/install/deepmind_bot_trajectory_sender:/home/user/ros2_ws/install/deepmind_bot_navigation:/home/user/ros2_ws/install/deepmind_bot_gazebo:/home/user/ros2_ws/install/deepmind_bot_description:/home/user/ros2_ws/install/custom_msgs', 'GAZEBO_RESOURCE_PATH': '/usr/share/gazebo-11:/usr/share/gazebo-11:/usr/share/gazebo', 'COLCON_PREFIX_PATH': '/home/simulations/ros2_sims_ws/install:/home/user/ros2_ws/install', 'GAZEBO_MASTER_PORT': '11345', 'NVM_DIR': '/usr/local/share/shell/.nvm', 'LESSCLOSE': '/usr/bin/lesspipe %s %s', 'PYTHONPATH': '/home/user/ros2_ws/build/yolo_ros/prefix_override:/usr/lib/python3/dist-packages/colcon_core/task/python/colcon_distutils_commands:/home/user/ros2_ws/install/yolo_ros/lib/python3.10/site-packages:/home/user/ros2_ws/install/yolo_msgs/local/lib/python3.10/dist-packages:/home/user/ros2_ws/install/custom_msgs/local/lib/python3.10/dist-packages:/home/user/ros2_ws/install/advanced_perception/lib/python3.10/site-packages:/opt/ros/humble/lib/python3.10/site-packages:/opt/ros/humble/local/lib/python3.10/dist-packages:/home/simulations/public_sim_ws/src/all/ros_basics_examples/python_course_class:/home/simulations/public_sim_ws/src/ros_basics_examples/python_course_class:/home/simulations/public_sim_ws/src/all/kinematics_course_utils/kinematics', 'COLCON': '1', 'TERM': 'xterm-color', 'LESSOPEN': '| /usr/bin/lesspipe %s', 'SNAPCRAFT_BUILD_ENVIRONMENT': 'host', 'GAZEBO_MASTER_HOSTNAME': '3_xterm', 'DISPLAY': ':1', 'SHLVL': '2', 'NVM_CD_FLAGS': '', 'ROS_MASTER_URI': 'http://3_xterm:11311', 'ROS_HOSTNAME': '3_xterm', 'LD_LIBRARY_PATH': '/home/user/ros2_ws/install/yolo_msgs/lib:/usr/local/cuda-10.2/lib64:/home/user/.catkin_ws_python3/src/TensorRT-7.0.0.11/lib:/home/user/ros2_ws/install/custom_msgs/lib:/opt/ros/humble/opt/rviz_ogre_vendor/lib:/opt/ros/humble/lib/x86_64-linux-gnu:/opt/ros/humble/lib:/usr/local/cuda-10.2/lib64:/home/user/.catkin_ws_python3/src/TensorRT-7.0.0.11/lib:/usr/lib/x86_64-linux-gnu/gazebo-11/plugins:/usr/lib/x86_64-linux-gnu/gazebo-11/plugins:/usr/lib/x86_64-linux-gnu/gazebo-11/plugins', 'ROS_LOCALHOST_ONLY': '0', 'SLOT_SHELL_START_ID': '999794', 'SLOT_PREFIX': 'fd482a6d-ceb5-43de-9987-811f8262270e', 'LC_ALL': 'C', 'SOURCE_ROS1_WS': '', 'GAZEBO_MODEL_PATH': '/usr/share/gazebo-11/models:/usr/share/gazebo-11/models:/usr/share/gazebo-9/models:/usr/share/gazebo/models_robox', 'SLOT_JENKINS_PORT': '25593', 'SLOT_SYSTEMD': 'False', 'PATH': '/opt/ros/humble/bin:/usr/local/share/shell/.nvm/versions/node/v8.17.0/bin:/usr/local/sbin:/usr/local/bin:/usr/sbin:/usr/bin:/sbin:/bin:/home/user/.cargo/bin:/home/user/.cargo/bin', 'SELECTED_ROS_DISTRO': 'humble', 'NVM_BIN': '/usr/local/share/shell/.nvm/versions/node/v8.17.0/bin', 'NODE_VERSION': 'v8.17.0', 'DEBIAN_FRONTEND': 'noninteractive', 'ROS_DISTRO': 'humble', 'GAZEBO_VERBOSE': '0', 'OGRE_RESOURCE_PATH': '/usr/lib/x86_64-linux-gnu/OGRE-1.9.0', 'OLDPWD': '/home/user/ros2_ws', 'SOURCE_ROS2_WS': 'True', 'SLOT_ROSBRIDGE_PORT': '20003', '_': '/usr/bin/env'}, 'shell': False}
[1.909651] (-) TimerEvent: {}
[2.010041] (-) TimerEvent: {}
[2.111296] (-) TimerEvent: {}
[2.206363] (yolo_ros) StdoutLine: {'line': b'running egg_info\n'}
[2.211438] (-) TimerEvent: {}
[2.235087] (yolo_ros) StdoutLine: {'line': b'writing ../../../build/yolo_ros/yolo_ros.egg-info/PKG-INFO\n'}
[2.235882] (yolo_ros) StdoutLine: {'line': b'writing dependency_links to ../../../build/yolo_ros/yolo_ros.egg-info/dependency_links.txt\n'}
[2.236133] (yolo_ros) StdoutLine: {'line': b'writing entry points to ../../../build/yolo_ros/yolo_ros.egg-info/entry_points.txt\n'}
[2.236449] (yolo_ros) StdoutLine: {'line': b'writing requirements to ../../../build/yolo_ros/yolo_ros.egg-info/requires.txt\n'}
[2.236613] (yolo_ros) StdoutLine: {'line': b'writing top-level names to ../../../build/yolo_ros/yolo_ros.egg-info/top_level.txt\n'}
[2.282206] (yolo_ros) StdoutLine: {'line': b"reading manifest file '../../../build/yolo_ros/yolo_ros.egg-info/SOURCES.txt'\n"}
[2.283987] (yolo_ros) StdoutLine: {'line': b"writing manifest file '../../../build/yolo_ros/yolo_ros.egg-info/SOURCES.txt'\n"}
[2.284328] (yolo_ros) StdoutLine: {'line': b'running build\n'}
[2.284527] (yolo_ros) StdoutLine: {'line': b'running build_py\n'}
[2.284775] (yolo_ros) StdoutLine: {'line': b'copying yolo_ros/detect_3d_node.py -> /home/user/ros2_ws/build/yolo_ros/build/lib/yolo_ros\n'}
[2.285211] (yolo_ros) StdoutLine: {'line': b'copying yolo_ros/yolo_node.py -> /home/user/ros2_ws/build/yolo_ros/build/lib/yolo_ros\n'}
[2.285575] (yolo_ros) StdoutLine: {'line': b'copying yolo_ros/debug_node.py -> /home/user/ros2_ws/build/yolo_ros/build/lib/yolo_ros\n'}
[2.285950] (yolo_ros) StdoutLine: {'line': b'copying yolo_ros/__init__.py -> /home/user/ros2_ws/build/yolo_ros/build/lib/yolo_ros\n'}
[2.286343] (yolo_ros) StdoutLine: {'line': b'copying yolo_ros/tracking_node.py -> /home/user/ros2_ws/build/yolo_ros/build/lib/yolo_ros\n'}
[2.286866] (yolo_ros) StdoutLine: {'line': b'running install\n'}
[2.296070] (yolo_ros) StdoutLine: {'line': b'running install_lib\n'}
[2.311551] (-) TimerEvent: {}
[2.331924] (yolo_ros) StdoutLine: {'line': b'running install_data\n'}
[2.332196] (yolo_ros) StdoutLine: {'line': b'copying resource/yolo_ros -> /home/user/ros2_ws/install/yolo_ros/share/ament_index/resource_index/packages\n'}
[2.332449] (yolo_ros) StdoutLine: {'line': b'copying package.xml -> /home/user/ros2_ws/install/yolo_ros/share/yolo_ros\n'}
[2.332623] (yolo_ros) StdoutLine: {'line': b'running install_egg_info\n'}
[2.353472] (yolo_ros) StdoutLine: {'line': b"removing '/home/user/ros2_ws/install/yolo_ros/lib/python3.10/site-packages/yolo_ros-0.0.0-py3.10.egg-info' (and everything under it)\n"}
[2.353756] (yolo_ros) StdoutLine: {'line': b'Copying ../../../build/yolo_ros/yolo_ros.egg-info to /home/user/ros2_ws/install/yolo_ros/lib/python3.10/site-packages/yolo_ros-0.0.0-py3.10.egg-info\n'}
[2.354601] (yolo_ros) StdoutLine: {'line': b'running install_scripts\n'}
[2.411694] (yolo_ros) StdoutLine: {'line': b'Installing debug_node script to /home/user/ros2_ws/install/yolo_ros/lib/yolo_ros\n'}
[2.411939] (-) TimerEvent: {}
[2.412105] (yolo_ros) StdoutLine: {'line': b'Installing detect_3d_node script to /home/user/ros2_ws/install/yolo_ros/lib/yolo_ros\n'}
[2.412253] (yolo_ros) StdoutLine: {'line': b'Installing tracking_node script to /home/user/ros2_ws/install/yolo_ros/lib/yolo_ros\n'}
[2.412347] (yolo_ros) StdoutLine: {'line': b'Installing yolo_node script to /home/user/ros2_ws/install/yolo_ros/lib/yolo_ros\n'}
[2.412439] (yolo_ros) StdoutLine: {'line': b"writing list of installed files to '/home/user/ros2_ws/build/yolo_ros/install.log'\n"}
[2.438938] (yolo_ros) CommandEnded: {'returncode': 0}
[2.445938] (yolo_ros) JobEnded: {'identifier': 'yolo_ros', 'rc': 0}
[2.447130] (yolo_bringup) JobStarted: {'identifier': 'yolo_bringup'}
[2.461335] (yolo_bringup) JobProgress: {'identifier': 'yolo_bringup', 'progress': 'cmake'}
[2.462006] (yolo_bringup) JobProgress: {'identifier': 'yolo_bringup', 'progress': 'build'}
[2.462258] (yolo_bringup) Command: {'cmd': ['/usr/bin/cmake', '--build', '/home/user/ros2_ws/build/yolo_bringup', '--', '-j8', '-l8'], 'cwd': '/home/user/ros2_ws/build/yolo_bringup', 'env': OrderedDict([('ROS_VERSION', '2'), ('NVIDIA_VISIBLE_DEVICES', 'all'), ('GAZEBO_MASTER_URI', 'http://3_xterm:11345'), ('ROS_PYTHON_VERSION', '3'), ('HOSTNAME', '3_xterm'), ('ROBOT_HOSTNAME', ''), ('PWD', '/home/user/ros2_ws/build/yolo_bringup'), ('PORT', '4000'), ('NVIDIA_DRIVER_CAPABILITIES', 'all'), ('ROS_IP', ''), ('HOME', '/home/user'), ('GAZEBO_PLUGIN_PATH', '/usr/lib/x86_64-linux-gnu/gazebo-11/plugins:/usr/lib/x86_64-linux-gnu/gazebo-11/plugins:'), ('LANG', 'en_US.UTF-8'), ('GAZEBO_MODEL_DATABASE_URI', 'http://models.gazebosim.org'), ('LS_COLORS', 'rs=0:di=01;34:ln=01;36:mh=00:pi=40;33:so=01;35:do=01;35:bd=40;33;01:cd=40;33;01:or=40;31;01:mi=00:su=37;41:sg=30;43:ca=30;41:tw=30;42:ow=34;42:st=37;44:ex=01;32:*.tar=01;31:*.tgz=01;31:*.arc=01;31:*.arj=01;31:*.taz=01;31:*.lha=01;31:*.lz4=01;31:*.lzh=01;31:*.lzma=01;31:*.tlz=01;31:*.txz=01;31:*.tzo=01;31:*.t7z=01;31:*.zip=01;31:*.z=01;31:*.dz=01;31:*.gz=01;31:*.lrz=01;31:*.lz=01;31:*.lzo=01;31:*.xz=01;31:*.zst=01;31:*.tzst=01;31:*.bz2=01;31:*.bz=01;31:*.tbz=01;31:*.tbz2=01;31:*.tz=01;31:*.deb=01;31:*.rpm=01;31:*.jar=01;31:*.war=01;31:*.ear=01;31:*.sar=01;31:*.rar=01;31:*.alz=01;31:*.ace=01;31:*.zoo=01;31:*.cpio=01;31:*.7z=01;31:*.rz=01;31:*.cab=01;31:*.wim=01;31:*.swm=01;31:*.dwm=01;31:*.esd=01;31:*.jpg=01;35:*.jpeg=01;35:*.mjpg=01;35:*.mjpeg=01;35:*.gif=01;35:*.bmp=01;35:*.pbm=01;35:*.pgm=01;35:*.ppm=01;35:*.tga=01;35:*.xbm=01;35:*.xpm=01;35:*.tif=01;35:*.tiff=01;35:*.png=01;35:*.svg=01;35:*.svgz=01;35:*.mng=01;35:*.pcx=01;35:*.mov=01;35:*.mpg=01;35:*.mpeg=01;35:*.m2v=01;35:*.mkv=01;35:*.webm=01;35:*.webp=01;35:*.ogm=01;35:*.mp4=01;35:*.m4v=01;35:*.mp4v=01;35:*.vob=01;35:*.qt=01;35:*.nuv=01;35:*.wmv=01;35:*.asf=01;35:*.rm=01;35:*.rmvb=01;35:*.flc=01;35:*.avi=01;35:*.fli=01;35:*.flv=01;35:*.gl=01;35:*.dl=01;35:*.xcf=01;35:*.xwd=01;35:*.yuv=01;35:*.cgm=01;35:*.emf=01;35:*.ogv=01;35:*.ogx=01;35:*.aac=00;36:*.au=00;36:*.flac=00;36:*.m4a=00;36:*.mid=00;36:*.midi=00;36:*.mka=00;36:*.mp3=00;36:*.mpc=00;36:*.ogg=00;36:*.ra=00;36:*.wav=00;36:*.oga=00;36:*.opus=00;36:*.spx=00;36:*.xspf=00;36:'), ('AMENT_PREFIX_PATH', '/home/user/ros2_ws/install/yolo_ros:/home/user/ros2_ws/install/yolo_msgs:/home/user/ros2_ws/install/deepmind_bot_trajectory_sender:/home/user/ros2_ws/install/deepmind_bot_navigation:/home/user/ros2_ws/install/deepmind_bot_gazebo:/home/user/ros2_ws/install/deepmind_bot_description:/home/user/ros2_ws/install/custom_msgs:/home/user/ros2_ws/install/advanced_perception:/opt/ros/humble'), ('CMAKE_PREFIX_PATH', '/home/user/ros2_ws/install/yolo_msgs:/home/user/ros2_ws/install/deepmind_bot_trajectory_sender:/home/user/ros2_ws/install/deepmind_bot_navigation:/home/user/ros2_ws/install/deepmind_bot_gazebo:/home/user/ros2_ws/install/deepmind_bot_description:/home/user/ros2_ws/install/custom_msgs:/home/user/ros2_ws/install/advanced_perception:/opt/ros/humble'), ('GAZEBO_RESOURCE_PATH', '/usr/share/gazebo-11:/usr/share/gazebo-11:/usr/share/gazebo'), ('COLCON_PREFIX_PATH', '/home/simulations/ros2_sims_ws/install:/home/user/ros2_ws/install'), ('GAZEBO_MASTER_PORT', '11345'), ('NVM_DIR', '/usr/local/share/shell/.nvm'), ('LESSCLOSE', '/usr/bin/lesspipe %s %s'), ('PYTHONPATH', '/home/user/ros2_ws/install/yolo_ros/lib/python3.10/site-packages:/home/user/ros2_ws/install/yolo_msgs/local/lib/python3.10/dist-packages:/home/user/ros2_ws/install/custom_msgs/local/lib/python3.10/dist-packages:/home/user/ros2_ws/install/advanced_perception/lib/python3.10/site-packages:/opt/ros/humble/lib/python3.10/site-packages:/opt/ros/humble/local/lib/python3.10/dist-packages:/home/simulations/public_sim_ws/src/all/ros_basics_examples/python_course_class:/home/simulations/public_sim_ws/src/ros_basics_examples/python_course_class:/home/simulations/public_sim_ws/src/all/kinematics_course_utils/kinematics'), ('COLCON', '1'), ('TERM', 'xterm-color'), ('LESSOPEN', '| /usr/bin/lesspipe %s'), ('SNAPCRAFT_BUILD_ENVIRONMENT', 'host'), ('GAZEBO_MASTER_HOSTNAME', '3_xterm'), ('DISPLAY', ':1'), ('SHLVL', '2'), ('NVM_CD_FLAGS', ''), ('ROS_MASTER_URI', 'http://3_xterm:11311'), ('ROS_HOSTNAME', '3_xterm'), ('LD_LIBRARY_PATH', '/home/user/ros2_ws/install/yolo_msgs/lib:/usr/local/cuda-10.2/lib64:/home/user/.catkin_ws_python3/src/TensorRT-7.0.0.11/lib:/home/user/ros2_ws/install/custom_msgs/lib:/opt/ros/humble/opt/rviz_ogre_vendor/lib:/opt/ros/humble/lib/x86_64-linux-gnu:/opt/ros/humble/lib:/usr/local/cuda-10.2/lib64:/home/user/.catkin_ws_python3/src/TensorRT-7.0.0.11/lib:/usr/lib/x86_64-linux-gnu/gazebo-11/plugins:/usr/lib/x86_64-linux-gnu/gazebo-11/plugins:/usr/lib/x86_64-linux-gnu/gazebo-11/plugins'), ('ROS_LOCALHOST_ONLY', '0'), ('SLOT_SHELL_START_ID', '999794'), ('SLOT_PREFIX', 'fd482a6d-ceb5-43de-9987-811f8262270e'), ('LC_ALL', 'C'), ('SOURCE_ROS1_WS', ''), ('GAZEBO_MODEL_PATH', '/usr/share/gazebo-11/models:/usr/share/gazebo-11/models:/usr/share/gazebo-9/models:/usr/share/gazebo/models_robox'), ('SLOT_JENKINS_PORT', '25593'), ('SLOT_SYSTEMD', 'False'), ('PATH', '/opt/ros/humble/bin:/usr/local/share/shell/.nvm/versions/node/v8.17.0/bin:/usr/local/sbin:/usr/local/bin:/usr/sbin:/usr/bin:/sbin:/bin:/home/user/.cargo/bin:/home/user/.cargo/bin'), ('SELECTED_ROS_DISTRO', 'humble'), ('NVM_BIN', '/usr/local/share/shell/.nvm/versions/node/v8.17.0/bin'), ('NODE_VERSION', 'v8.17.0'), ('DEBIAN_FRONTEND', 'noninteractive'), ('ROS_DISTRO', 'humble'), ('GAZEBO_VERBOSE', '0'), ('OGRE_RESOURCE_PATH', '/usr/lib/x86_64-linux-gnu/OGRE-1.9.0'), ('OLDPWD', '/home/user/ros2_ws'), ('SOURCE_ROS2_WS', 'True'), ('SLOT_ROSBRIDGE_PORT', '20003'), ('_', '/usr/bin/env')]), 'shell': False}
[2.515807] (-) TimerEvent: {}
[2.516983] (yolo_bringup) CommandEnded: {'returncode': 0}
[2.517716] (yolo_bringup) JobProgress: {'identifier': 'yolo_bringup', 'progress': 'install'}
[2.517993] (yolo_bringup) Command: {'cmd': ['/usr/bin/cmake', '--install', '/home/user/ros2_ws/build/yolo_bringup'], 'cwd': '/home/user/ros2_ws/build/yolo_bringup', 'env': OrderedDict([('ROS_VERSION', '2'), ('NVIDIA_VISIBLE_DEVICES', 'all'), ('GAZEBO_MASTER_URI', 'http://3_xterm:11345'), ('ROS_PYTHON_VERSION', '3'), ('HOSTNAME', '3_xterm'), ('ROBOT_HOSTNAME', ''), ('PWD', '/home/user/ros2_ws/build/yolo_bringup'), ('PORT', '4000'), ('NVIDIA_DRIVER_CAPABILITIES', 'all'), ('ROS_IP', ''), ('HOME', '/home/user'), ('GAZEBO_PLUGIN_PATH', '/usr/lib/x86_64-linux-gnu/gazebo-11/plugins:/usr/lib/x86_64-linux-gnu/gazebo-11/plugins:'), ('LANG', 'en_US.UTF-8'), ('GAZEBO_MODEL_DATABASE_URI', 'http://models.gazebosim.org'), ('LS_COLORS', 'rs=0:di=01;34:ln=01;36:mh=00:pi=40;33:so=01;35:do=01;35:bd=40;33;01:cd=40;33;01:or=40;31;01:mi=00:su=37;41:sg=30;43:ca=30;41:tw=30;42:ow=34;42:st=37;44:ex=01;32:*.tar=01;31:*.tgz=01;31:*.arc=01;31:*.arj=01;31:*.taz=01;31:*.lha=01;31:*.lz4=01;31:*.lzh=01;31:*.lzma=01;31:*.tlz=01;31:*.txz=01;31:*.tzo=01;31:*.t7z=01;31:*.zip=01;31:*.z=01;31:*.dz=01;31:*.gz=01;31:*.lrz=01;31:*.lz=01;31:*.lzo=01;31:*.xz=01;31:*.zst=01;31:*.tzst=01;31:*.bz2=01;31:*.bz=01;31:*.tbz=01;31:*.tbz2=01;31:*.tz=01;31:*.deb=01;31:*.rpm=01;31:*.jar=01;31:*.war=01;31:*.ear=01;31:*.sar=01;31:*.rar=01;31:*.alz=01;31:*.ace=01;31:*.zoo=01;31:*.cpio=01;31:*.7z=01;31:*.rz=01;31:*.cab=01;31:*.wim=01;31:*.swm=01;31:*.dwm=01;31:*.esd=01;31:*.jpg=01;35:*.jpeg=01;35:*.mjpg=01;35:*.mjpeg=01;35:*.gif=01;35:*.bmp=01;35:*.pbm=01;35:*.pgm=01;35:*.ppm=01;35:*.tga=01;35:*.xbm=01;35:*.xpm=01;35:*.tif=01;35:*.tiff=01;35:*.png=01;35:*.svg=01;35:*.svgz=01;35:*.mng=01;35:*.pcx=01;35:*.mov=01;35:*.mpg=01;35:*.mpeg=01;35:*.m2v=01;35:*.mkv=01;35:*.webm=01;35:*.webp=01;35:*.ogm=01;35:*.mp4=01;35:*.m4v=01;35:*.mp4v=01;35:*.vob=01;35:*.qt=01;35:*.nuv=01;35:*.wmv=01;35:*.asf=01;35:*.rm=01;35:*.rmvb=01;35:*.flc=01;35:*.avi=01;35:*.fli=01;35:*.flv=01;35:*.gl=01;35:*.dl=01;35:*.xcf=01;35:*.xwd=01;35:*.yuv=01;35:*.cgm=01;35:*.emf=01;35:*.ogv=01;35:*.ogx=01;35:*.aac=00;36:*.au=00;36:*.flac=00;36:*.m4a=00;36:*.mid=00;36:*.midi=00;36:*.mka=00;36:*.mp3=00;36:*.mpc=00;36:*.ogg=00;36:*.ra=00;36:*.wav=00;36:*.oga=00;36:*.opus=00;36:*.spx=00;36:*.xspf=00;36:'), ('AMENT_PREFIX_PATH', '/home/user/ros2_ws/install/yolo_ros:/home/user/ros2_ws/install/yolo_msgs:/home/user/ros2_ws/install/deepmind_bot_trajectory_sender:/home/user/ros2_ws/install/deepmind_bot_navigation:/home/user/ros2_ws/install/deepmind_bot_gazebo:/home/user/ros2_ws/install/deepmind_bot_description:/home/user/ros2_ws/install/custom_msgs:/home/user/ros2_ws/install/advanced_perception:/opt/ros/humble'), ('CMAKE_PREFIX_PATH', '/home/user/ros2_ws/install/yolo_msgs:/home/user/ros2_ws/install/deepmind_bot_trajectory_sender:/home/user/ros2_ws/install/deepmind_bot_navigation:/home/user/ros2_ws/install/deepmind_bot_gazebo:/home/user/ros2_ws/install/deepmind_bot_description:/home/user/ros2_ws/install/custom_msgs:/home/user/ros2_ws/install/advanced_perception:/opt/ros/humble'), ('GAZEBO_RESOURCE_PATH', '/usr/share/gazebo-11:/usr/share/gazebo-11:/usr/share/gazebo'), ('COLCON_PREFIX_PATH', '/home/simulations/ros2_sims_ws/install:/home/user/ros2_ws/install'), ('GAZEBO_MASTER_PORT', '11345'), ('NVM_DIR', '/usr/local/share/shell/.nvm'), ('LESSCLOSE', '/usr/bin/lesspipe %s %s'), ('PYTHONPATH', '/home/user/ros2_ws/install/yolo_ros/lib/python3.10/site-packages:/home/user/ros2_ws/install/yolo_msgs/local/lib/python3.10/dist-packages:/home/user/ros2_ws/install/custom_msgs/local/lib/python3.10/dist-packages:/home/user/ros2_ws/install/advanced_perception/lib/python3.10/site-packages:/opt/ros/humble/lib/python3.10/site-packages:/opt/ros/humble/local/lib/python3.10/dist-packages:/home/simulations/public_sim_ws/src/all/ros_basics_examples/python_course_class:/home/simulations/public_sim_ws/src/ros_basics_examples/python_course_class:/home/simulations/public_sim_ws/src/all/kinematics_course_utils/kinematics'), ('COLCON', '1'), ('TERM', 'xterm-color'), ('LESSOPEN', '| /usr/bin/lesspipe %s'), ('SNAPCRAFT_BUILD_ENVIRONMENT', 'host'), ('GAZEBO_MASTER_HOSTNAME', '3_xterm'), ('DISPLAY', ':1'), ('SHLVL', '2'), ('NVM_CD_FLAGS', ''), ('ROS_MASTER_URI', 'http://3_xterm:11311'), ('ROS_HOSTNAME', '3_xterm'), ('LD_LIBRARY_PATH', '/home/user/ros2_ws/install/yolo_msgs/lib:/usr/local/cuda-10.2/lib64:/home/user/.catkin_ws_python3/src/TensorRT-7.0.0.11/lib:/home/user/ros2_ws/install/custom_msgs/lib:/opt/ros/humble/opt/rviz_ogre_vendor/lib:/opt/ros/humble/lib/x86_64-linux-gnu:/opt/ros/humble/lib:/usr/local/cuda-10.2/lib64:/home/user/.catkin_ws_python3/src/TensorRT-7.0.0.11/lib:/usr/lib/x86_64-linux-gnu/gazebo-11/plugins:/usr/lib/x86_64-linux-gnu/gazebo-11/plugins:/usr/lib/x86_64-linux-gnu/gazebo-11/plugins'), ('ROS_LOCALHOST_ONLY', '0'), ('SLOT_SHELL_START_ID', '999794'), ('SLOT_PREFIX', 'fd482a6d-ceb5-43de-9987-811f8262270e'), ('LC_ALL', 'C'), ('SOURCE_ROS1_WS', ''), ('GAZEBO_MODEL_PATH', '/usr/share/gazebo-11/models:/usr/share/gazebo-11/models:/usr/share/gazebo-9/models:/usr/share/gazebo/models_robox'), ('SLOT_JENKINS_PORT', '25593'), ('SLOT_SYSTEMD', 'False'), ('PATH', '/opt/ros/humble/bin:/usr/local/share/shell/.nvm/versions/node/v8.17.0/bin:/usr/local/sbin:/usr/local/bin:/usr/sbin:/usr/bin:/sbin:/bin:/home/user/.cargo/bin:/home/user/.cargo/bin'), ('SELECTED_ROS_DISTRO', 'humble'), ('NVM_BIN', '/usr/local/share/shell/.nvm/versions/node/v8.17.0/bin'), ('NODE_VERSION', 'v8.17.0'), ('DEBIAN_FRONTEND', 'noninteractive'), ('ROS_DISTRO', 'humble'), ('GAZEBO_VERBOSE', '0'), ('OGRE_RESOURCE_PATH', '/usr/lib/x86_64-linux-gnu/OGRE-1.9.0'), ('OLDPWD', '/home/user/ros2_ws'), ('SOURCE_ROS2_WS', 'True'), ('SLOT_ROSBRIDGE_PORT', '20003'), ('_', '/usr/bin/env')]), 'shell': False}
[2.531946] (yolo_bringup) StdoutLine: {'line': b'-- Install configuration: ""\n'}
[2.532542] (yolo_bringup) StdoutLine: {'line': b'-- Up-to-date: /home/user/ros2_ws/install/yolo_bringup/share/yolo_bringup//launch\n'}
[2.532687] (yolo_bringup) StdoutLine: {'line': b'-- Up-to-date: /home/user/ros2_ws/install/yolo_bringup/share/yolo_bringup//launch/yolov8.launch.py\n'}
[2.532832] (yolo_bringup) StdoutLine: {'line': b'-- Up-to-date: /home/user/ros2_ws/install/yolo_bringup/share/yolo_bringup//launch/yolov10.launch.py\n'}
[2.532956] (yolo_bringup) StdoutLine: {'line': b'-- Up-to-date: /home/user/ros2_ws/install/yolo_bringup/share/yolo_bringup//launch/yolo-world.launch.py\n'}
[2.533078] (yolo_bringup) StdoutLine: {'line': b'-- Up-to-date: /home/user/ros2_ws/install/yolo_bringup/share/yolo_bringup//launch/yolo.launch.py\n'}
[2.533187] (yolo_bringup) StdoutLine: {'line': b'-- Up-to-date: /home/user/ros2_ws/install/yolo_bringup/share/yolo_bringup//launch/yolov5.launch.py\n'}
[2.533287] (yolo_bringup) StdoutLine: {'line': b'-- Up-to-date: /home/user/ros2_ws/install/yolo_bringup/share/yolo_bringup//launch/yoloe.launch.py\n'}
[2.533385] (yolo_bringup) StdoutLine: {'line': b'-- Up-to-date: /home/user/ros2_ws/install/yolo_bringup/share/yolo_bringup//launch/yolov9.launch.py\n'}
[2.533484] (yolo_bringup) StdoutLine: {'line': b'-- Up-to-date: /home/user/ros2_ws/install/yolo_bringup/share/yolo_bringup//launch/yolov11.launch.py\n'}
[2.533583] (yolo_bringup) StdoutLine: {'line': b'-- Up-to-date: /home/user/ros2_ws/install/yolo_bringup/share/yolo_bringup//launch/yolov12.launch.py\n'}
[2.533683] (yolo_bringup) StdoutLine: {'line': b'-- Up-to-date: /home/user/ros2_ws/install/yolo_bringup/share/yolo_bringup//launch/yolov26.launch.py\n'}
[2.533783] (yolo_bringup) StdoutLine: {'line': b'-- Up-to-date: /home/user/ros2_ws/install/yolo_bringup/share/ament_index/resource_index/package_run_dependencies/yolo_bringup\n'}
[2.533884] (yolo_bringup) StdoutLine: {'line': b'-- Up-to-date: /home/user/ros2_ws/install/yolo_bringup/share/ament_index/resource_index/parent_prefix_path/yolo_bringup\n'}
[2.533983] (yolo_bringup) StdoutLine: {'line': b'-- Up-to-date: /home/user/ros2_ws/install/yolo_bringup/share/yolo_bringup/environment/ament_prefix_path.sh\n'}
[2.534087] (yolo_bringup) StdoutLine: {'line': b'-- Up-to-date: /home/user/ros2_ws/install/yolo_bringup/share/yolo_bringup/environment/ament_prefix_path.dsv\n'}
[2.534185] (yolo_bringup) StdoutLine: {'line': b'-- Up-to-date: /home/user/ros2_ws/install/yolo_bringup/share/yolo_bringup/environment/path.sh\n'}
[2.534297] (yolo_bringup) StdoutLine: {'line': b'-- Up-to-date: /home/user/ros2_ws/install/yolo_bringup/share/yolo_bringup/environment/path.dsv\n'}
[2.534435] (yolo_bringup) StdoutLine: {'line': b'-- Up-to-date: /home/user/ros2_ws/install/yolo_bringup/share/yolo_bringup/local_setup.bash\n'}
[2.534576] (yolo_bringup) StdoutLine: {'line': b'-- Up-to-date: /home/user/ros2_ws/install/yolo_bringup/share/yolo_bringup/local_setup.sh\n'}
[2.534700] (yolo_bringup) StdoutLine: {'line': b'-- Up-to-date: /home/user/ros2_ws/install/yolo_bringup/share/yolo_bringup/local_setup.zsh\n'}
[2.534824] (yolo_bringup) StdoutLine: {'line': b'-- Up-to-date: /home/user/ros2_ws/install/yolo_bringup/share/yolo_bringup/local_setup.dsv\n'}
[2.534947] (yolo_bringup) StdoutLine: {'line': b'-- Up-to-date: /home/user/ros2_ws/install/yolo_bringup/share/yolo_bringup/package.dsv\n'}
[2.535069] (yolo_bringup) StdoutLine: {'line': b'-- Up-to-date: /home/user/ros2_ws/install/yolo_bringup/share/ament_index/resource_index/packages/yolo_bringup\n'}
[2.535192] (yolo_bringup) StdoutLine: {'line': b'-- Up-to-date: /home/user/ros2_ws/install/yolo_bringup/share/yolo_bringup/cmake/yolo_bringupConfig.cmake\n'}
[2.536307] (yolo_bringup) StdoutLine: {'line': b'-- Up-to-date: /home/user/ros2_ws/install/yolo_bringup/share/yolo_bringup/cmake/yolo_bringupConfig-version.cmake\n'}
[2.536470] (yolo_bringup) StdoutLine: {'line': b'-- Up-to-date: /home/user/ros2_ws/install/yolo_bringup/share/yolo_bringup/package.xml\n'}
[2.536940] (yolo_bringup) CommandEnded: {'returncode': 0}
[2.554383] (yolo_bringup) JobEnded: {'identifier': 'yolo_bringup', 'rc': 0}
[2.555197] (-) EventReactorShutdown: {}
